t,x_obs,y_obs,z_obs,x_pred,y_pred,z_pred,sigma_pred,rho_pred,beta_pred,sigma_true,rho_true,beta_true
0.000000e+00,-7.525579e+00,7.316903e+00,2.750237e+01,-7.999921e+00,6.998545e+00,2.699893e+01,9.851724e+00,2.080567e+01,2.654599e+00,1.000000e+01,2.800000e+01,2.666667e+00
3.344482e-03,-7.120945e+00,6.119873e+00,2.610629e+01,-6.840681e+00,6.928134e+00,2.602581e+01,9.851724e+00,2.080567e+01,2.654599e+00,1.000000e+01,2.800000e+01,2.666667e+00
6.688963e-03,-5.482805e+00,6.912875e+00,2.545626e+01,-5.350090e+00,6.839915e+00,2.489517e+01,9.851724e+00,2.080567e+01,2.654599e+00,1.000000e+01,2.800000e+01,2.666667e+00
1.003344e-02,-5.234663e+00,6.584627e+00,2.336873e+01,-4.058964e+00,6.732533e+00,2.375354e+01,9.851724e+00,2.080567e+01,2.654599e+00,1.000000e+01,2.800000e+01,2.666667e+00
1.337793e-02,-2.756769e+00,6.174151e+00,2.310631e+01,-3.090984e+00,6.606632e+00,2.274626e+01,9.851724e+00,2.080567e+01,2.654599e+00,1.000000e+01,2.800000e+01,2.666667e+00
1.672241e-02,-2.390040e+00,5.121865e+00,2.180936e+01,-2.269468e+00,6.465993e+00,2.193715e+01,9.851724e+00,2.080567e+01,2.654599e+00,1.000000e+01,2.800000e+01,2.666667e+00
2.006689e-02,-1.197221e+00,6.162632e+00,2.264218e+01,-1.491127e+00,6.318283e+00,2.130262e+01,9.851724e+00,2.080567e+01,2.654599e+00,1.000000e+01,2.800000e+01,2.666667e+00
2.341137e-02,-1.310159e+00,5.090320e+00,2.118306e+01,-7.585441e-01,6.174848e+00,2.077859e+01,9.851724e+00,2.080567e+01,2.654599e+00,1.000000e+01,2.800000e+01,2.666667e+00
2.675585e-02,5.455643e-03,5.113844e+00,2.085964e+01,-1.003622e-01,6.049138e+00,2.030300e+01,9.851724e+00,2.080567e+01,2.654599e+00,1.000000e+01,2.800000e+01,2.666667e+00
3.010033e-02,-3.564356e-01,5.673862e+00,1.944436e+01,4.757107e-01,5.954117e+00,1.983500e+01,9.851724e+00,2.080567e+01,2.654599e+00,1.000000e+01,2.800000e+01,2.666667e+00
3.344481e-02,1.698158e+00,5.688866e+00,1.906364e+01,9.839631e-01,5.899808e+00,1.935854e+01,9.851724e+00,2.080567e+01,2.654599e+00,1.000000e+01,2.800000e+01,2.666667e+00
3.678929e-02,1.671003e+00,5.287302e+00,1.897177e+01,1.443977e+00,5.892052e+00,1.887858e+01,9.851724e+00,2.080567e+01,2.654599e+00,1.000000e+01,2.800000e+01,2.666667e+00
4.013378e-02,1.183697e+00,5.435055e+00,1.852399e+01,1.868448e+00,5.932803e+00,1.841305e+01,9.851724e+00,2.080567e+01,2.654599e+00,1.000000e+01,2.800000e+01,2.666667e+00
4.347826e-02,2.444331e+00,5.615041e+00,1.741681e+01,2.260849e+00,6.021419e+00,1.798293e+01,9.851724e+00,2.080567e+01,2.654599e+00,1.000000e+01,2.800000e+01,2.666667e+00
4.682274e-02,2.540824e+00,5.772788e+00,1.872688e+01,2.619346e+00,6.156154e+00,1.760402e+01,9.851724e+00,2.080567e+01,2.654599e+00,1.000000e+01,2.800000e+01,2.666667e+00
5.016722e-02,3.252191e+00,5.873821e+00,1.708168e+01,2.942161e+00,6.335275e+00,1.728335e+01,9.851724e+00,2.080567e+01,2.654599e+00,1.000000e+01,2.800000e+01,2.666667e+00
5.351171e-02,3.245507e+00,5.701748e+00,1.821347e+01,3.231390e+00,6.557651e+00,1.702006e+01,9.851724e+00,2.080567e+01,2.654599e+00,1.000000e+01,2.800000e+01,2.666667e+00
5.685619e-02,3.190098e+00,6.262540e+00,1.639066e+01,3.494467e+00,6.822952e+00,1.680870e+01,9.851724e+00,2.080567e+01,2.654599e+00,1.000000e+01,2.800000e+01,2.666667e+00
6.020067e-02,3.935796e+00,6.812177e+00,1.679932e+01,3.743949e+00,7.131522e+00,1.664244e+01,9.851724e+00,2.080567e+01,2.654599e+00,1.000000e+01,2.800000e+01,2.666667e+00
6.354515e-02,4.823532e+00,7.643559e+00,1.724801e+01,3.996205e+00,7.484135e+00,1.651539e+01,9.851724e+00,2.080567e+01,2.654599e+00,1.000000e+01,2.800000e+01,2.666667e+00
6.688963e-02,4.895033e+00,7.418580e+00,1.584551e+01,4.269172e+00,7.881638e+00,1.642367e+01,9.851724e+00,2.080567e+01,2.654599e+00,1.000000e+01,2.800000e+01,2.666667e+00
7.023411e-02,5.008655e+00,7.294552e+00,1.630631e+01,4.578782e+00,8.324570e+00,1.636596e+01,9.851724e+00,2.080567e+01,2.654599e+00,1.000000e+01,2.800000e+01,2.666667e+00
7.357859e-02,4.266201e+00,8.744367e+00,1.547043e+01,4.934189e+00,8.812752e+00,1.634350e+01,9.851724e+00,2.080567e+01,2.654599e+00,1.000000e+01,2.800000e+01,2.666667e+00
7.692307e-02,4.573425e+00,9.076377e+00,1.577115e+01,5.333626e+00,9.344877e+00,1.636021e+01,9.851724e+00,2.080567e+01,2.654599e+00,1.000000e+01,2.800000e+01,2.666667e+00
8.026756e-02,6.097839e+00,9.864652e+00,1.660117e+01,5.764457e+00,9.918105e+00,1.642266e+01,9.851724e+00,2.080567e+01,2.654599e+00,1.000000e+01,2.800000e+01,2.666667e+00
8.361203e-02,5.354340e+00,9.715294e+00,1.577842e+01,6.209567e+00,1.052777e+01,1.654018e+01,9.851724e+00,2.080567e+01,2.654599e+00,1.000000e+01,2.800000e+01,2.666667e+00
8.695652e-02,6.830127e+00,1.158698e+01,1.660794e+01,6.657157e+00,1.116711e+01,1.672483e+01,9.851724e+00,2.080567e+01,2.654599e+00,1.000000e+01,2.800000e+01,2.666667e+00
9.030100e-02,7.007593e+00,1.187875e+01,1.727779e+01,7.106939e+00,1.182727e+01,1.699125e+01,9.851724e+00,2.080567e+01,2.654599e+00,1.000000e+01,2.800000e+01,2.666667e+00
9.364548e-02,7.538511e+00,1.244250e+01,1.683868e+01,7.567931e+00,1.249741e+01,1.735602e+01,9.851724e+00,2.080567e+01,2.654599e+00,1.000000e+01,2.800000e+01,2.666667e+00
9.698996e-02,8.775027e+00,1.271904e+01,1.879585e+01,8.049891e+00,1.316505e+01,1.783626e+01,9.851724e+00,2.080567e+01,2.654599e+00,1.000000e+01,2.800000e+01,2.666667e+00
1.003344e-01,8.557158e+00,1.365777e+01,1.964306e+01,8.556117e+00,1.381659e+01,1.844735e+01,9.851724e+00,2.080567e+01,2.654599e+00,1.000000e+01,2.800000e+01,2.666667e+00
1.036789e-01,9.652264e+00,1.437080e+01,1.959360e+01,9.082869e+00,1.443784e+01,1.919955e+01,9.851724e+00,2.080567e+01,2.654599e+00,1.000000e+01,2.800000e+01,2.666667e+00
1.070234e-01,9.895266e+00,1.498777e+01,2.015524e+01,9.621573e+00,1.501455e+01,2.009445e+01,9.851724e+00,2.080567e+01,2.654599e+00,1.000000e+01,2.800000e+01,2.666667e+00
1.103679e-01,1.082134e+01,1.544149e+01,2.106357e+01,1.015952e+01,1.553273e+01,2.112227e+01,9.851724e+00,2.080567e+01,2.654599e+00,1.000000e+01,2.800000e+01,2.666667e+00
1.137124e-01,1.073652e+01,1.567534e+01,2.134929e+01,1.068305e+01,1.597878e+01,2.226223e+01,9.851724e+00,2.080567e+01,2.654599e+00,1.000000e+01,2.800000e+01,2.666667e+00
1.170569e-01,1.037348e+01,1.772257e+01,2.506188e+01,1.118393e+01,1.633931e+01,2.348699e+01,9.851724e+00,2.080567e+01,2.654599e+00,1.000000e+01,2.800000e+01,2.666667e+00
1.204013e-01,1.142113e+01,1.651412e+01,2.379473e+01,1.166084e+01,1.660079e+01,2.477044e+01,9.851724e+00,2.080567e+01,2.654599e+00,1.000000e+01,2.800000e+01,2.666667e+00
1.237458e-01,1.196191e+01,1.738007e+01,2.512447e+01,1.211344e+01,1.674898e+01,2.609528e+01,9.851724e+00,2.080567e+01,2.654599e+00,1.000000e+01,2.800000e+01,2.666667e+00
1.270903e-01,1.179449e+01,1.690439e+01,2.741079e+01,1.253575e+01,1.676842e+01,2.745541e+01,9.851724e+00,2.080567e+01,2.654599e+00,1.000000e+01,2.800000e+01,2.666667e+00
1.304348e-01,1.294672e+01,1.610773e+01,3.057917e+01,1.291562e+01,1.664209e+01,2.884998e+01,9.851724e+00,2.080567e+01,2.654599e+00,1.000000e+01,2.800000e+01,2.666667e+00
1.337793e-01,1.430838e+01,1.587671e+01,3.069907e+01,1.323925e+01,1.635163e+01,3.026984e+01,9.851724e+00,2.080567e+01,2.654599e+00,1.000000e+01,2.800000e+01,2.666667e+00
1.371237e-01,1.303432e+01,1.581518e+01,3.183560e+01,1.349624e+01,1.587876e+01,3.168373e+01,9.851724e+00,2.080567e+01,2.654599e+00,1.000000e+01,2.800000e+01,2.666667e+00
1.404682e-01,1.277814e+01,1.489727e+01,3.243777e+01,1.368126e+01,1.520879e+01,3.303396e+01,9.851724e+00,2.080567e+01,2.654599e+00,1.000000e+01,2.800000e+01,2.666667e+00
1.438127e-01,1.323450e+01,1.468149e+01,3.298848e+01,1.379194e+01,1.433722e+01,3.424808e+01,9.851724e+00,2.080567e+01,2.654599e+00,1.000000e+01,2.800000e+01,2.666667e+00
1.471572e-01,1.316240e+01,1.314756e+01,3.582823e+01,1.382474e+01,1.327893e+01,3.526084e+01,9.851724e+00,2.080567e+01,2.654599e+00,1.000000e+01,2.800000e+01,2.666667e+00
1.505017e-01,1.344214e+01,1.170881e+01,3.593588e+01,1.377125e+01,1.207514e+01,3.603294e+01,9.851724e+00,2.080567e+01,2.654599e+00,1.000000e+01,2.800000e+01,2.666667e+00
1.538461e-01,1.357471e+01,9.840179e+00,3.607286e+01,1.361720e+01,1.078927e+01,3.655639e+01,9.851724e+00,2.080567e+01,2.654599e+00,1.000000e+01,2.800000e+01,2.666667e+00
1.571906e-01,1.338307e+01,9.921425e+00,3.696123e+01,1.334717e+01,9.486580e+00,3.684739e+01,9.851724e+00,2.080567e+01,2.654599e+00,1.000000e+01,2.800000e+01,2.666667e+00
1.605351e-01,1.332200e+01,8.392860e+00,3.628233e+01,1.295607e+01,8.210411e+00,3.693452e+01,9.851724e+00,2.080567e+01,2.654599e+00,1.000000e+01,2.800000e+01,2.666667e+00
1.638796e-01,1.176635e+01,6.585705e+00,3.738631e+01,1.246036e+01,6.978519e+00,3.684876e+01,9.851724e+00,2.080567e+01,2.654599e+00,1.000000e+01,2.800000e+01,2.666667e+00
1.672241e-01,1.235906e+01,5.406837e+00,3.605666e+01,1.189386e+01,5.802684e+00,3.661781e+01,9.851724e+00,2.080567e+01,2.654599e+00,1.000000e+01,2.800000e+01,2.666667e+00
1.705686e-01,1.108759e+01,4.643461e+00,3.688897e+01,1.128542e+01,4.707299e+00,3.626407e+01,9.851724e+00,2.080567e+01,2.654599e+00,1.000000e+01,2.800000e+01,2.666667e+00
1.739130e-01,1.064572e+01,3.556177e+00,3.685103e+01,1.064238e+01,3.727593e+00,3.580486e+01,9.851724e+00,2.080567e+01,2.654599e+00,1.000000e+01,2.800000e+01,2.666667e+00
1.772575e-01,9.450516e+00,3.363238e+00,3.499873e+01,9.957967e+00,2.893670e+00,3.525364e+01,9.851724e+00,2.080567e+01,2.654599e+00,1.000000e+01,2.800000e+01,2.666667e+00
1.806020e-01,9.868307e+00,2.221734e+00,3.497255e+01,9.231935e+00,2.218112e+00,3.462151e+01,9.851724e+00,2.080567e+01,2.654599e+00,1.000000e+01,2.800000e+01,2.666667e+00
1.839465e-01,8.582084e+00,1.462648e+00,3.481052e+01,8.487075e+00,1.694836e+00,3.391869e+01,9.851724e+00,2.080567e+01,2.654599e+00,1.000000e+01,2.800000e+01,2.666667e+00
1.872910e-01,8.445193e+00,1.562906e+00,3.276171e+01,7.766953e+00,1.305386e+00,3.315591e+01,9.851724e+00,2.080567e+01,2.654599e+00,1.000000e+01,2.800000e+01,2.666667e+00
1.906354e-01,7.239501e+00,4.668089e-01,3.218503e+01,7.108476e+00,1.026277e+00,3.234552e+01,9.851724e+00,2.080567e+01,2.654599e+00,1.000000e+01,2.800000e+01,2.666667e+00
1.939799e-01,7.241099e+00,1.008677e+00,3.094059e+01,6.519353e+00,8.341908e-01,3.150213e+01,9.851724e+00,2.080567e+01,2.654599e+00,1.000000e+01,2.800000e+01,2.666667e+00
1.973244e-01,6.089364e+00,3.824086e-01,3.038093e+01,5.985906e+00,7.086551e-01,3.064246e+01,9.851724e+00,2.080567e+01,2.654599e+00,1.000000e+01,2.800000e+01,2.666667e+00
2.006689e-01,5.033888e+00,4.049208e-01,3.009443e+01,5.492148e+00,6.329441e-01,2.978422e+01,9.851724e+00,2.080567e+01,2.654599e+00,1.000000e+01,2.800000e+01,2.666667e+00
2.040134e-01,4.676793e+00,3.065741e-01,2.886795e+01,5.029238e+00,5.940533e-01,2.894420e+01,9.851724e+00,2.080567e+01,2.654599e+00,1.000000e+01,2.800000e+01,2.666667e+00
2.073578e-01,4.634291e+00,1.782472e-01,2.731991e+01,4.596395e+00,5.821908e-01,2.813628e+01,9.851724e+00,2.080567e+01,2.654599e+00,1.000000e+01,2.800000e+01,2.666667e+00
2.107023e-01,4.243785e+00,-2.749834e-01,2.737399e+01,4.198218e+00,5.902028e-01,2.736987e+01,9.851724e+00,2.080567e+01,2.654599e+00,1.000000e+01,2.800000e+01,2.666667e+00
2.140468e-01,3.643851e+00,1.865377e-01,2.707825e+01,3.840753e+00,6.129918e-01,2.664947e+01,9.851724e+00,2.080567e+01,2.654599e+00,1.000000e+01,2.800000e+01,2.666667e+00
2.173913e-01,3.850492e+00,1.207538e+00,2.621529e+01,3.527863e+00,6.470388e-01,2.597487e+01,9.851724e+00,2.080567e+01,2.654599e+00,1.000000e+01,2.800000e+01,2.666667e+00
2.207358e-01,3.455663e+00,8.475477e-01,2.614173e+01,3.258353e+00,6.900090e-01,2.534225e+01,9.851724e+00,2.080567e+01,2.654599e+00,1.000000e+01,2.800000e+01,2.666667e+00
2.240803e-01,2.316261e+00,6.740916e-02,2.491452e+01,3.024745e+00,7.404557e-01,2.474535e+01,9.851724e+00,2.080567e+01,2.654599e+00,1.000000e+01,2.800000e+01,2.666667e+00
2.274247e-01,2.717723e+00,1.367433e+00,2.411138e+01,2.815319e+00,7.975945e-01,2.417669e+01,9.851724e+00,2.080567e+01,2.654599e+00,1.000000e+01,2.800000e+01,2.666667e+00
2.307692e-01,3.145075e+00,2.924004e-01,2.364863e+01,2.618972e+00,8.611491e-01,2.362862e+01,9.851724e+00,2.080567e+01,2.654599e+00,1.000000e+01,2.800000e+01,2.666667e+00
2.341137e-01,2.607074e+00,1.052169e+00,2.345749e+01,2.430098e+00,9.312034e-01,2.309407e+01,9.851724e+00,2.080567e+01,2.654599e+00,1.000000e+01,2.800000e+01,2.666667e+00
2.374582e-01,2.445864e+00,1.170516e-01,2.166036e+01,2.250575e+00,1.008132e+00,2.256716e+01,9.851724e+00,2.080567e+01,2.654599e+00,1.000000e+01,2.800000e+01,2.666667e+00
2.408027e-01,1.837940e+00,4.122922e-01,2.247465e+01,2.087858e+00,1.092521e+00,2.204343e+01,9.851724e+00,2.080567e+01,2.654599e+00,1.000000e+01,2.800000e+01,2.666667e+00
2.441471e-01,2.230955e+00,1.605043e+00,2.108836e+01,1.951229e+00,1.185107e+00,2.152009e+01,9.851724e+00,2.080567e+01,2.654599e+00,1.000000e+01,2.800000e+01,2.666667e+00
2.474916e-01,1.497132e+00,2.008147e+00,2.022369e+01,1.848772e+00,1.286722e+00,2.099599e+01,9.851724e+00,2.080567e+01,2.654599e+00,1.000000e+01,2.800000e+01,2.666667e+00
2.508361e-01,1.894832e+00,1.864929e+00,2.034365e+01,1.785080e+00,1.398245e+00,2.047165e+01,9.851724e+00,2.080567e+01,2.654599e+00,1.000000e+01,2.800000e+01,2.666667e+00
2.541806e-01,1.742872e+00,2.079931e+00,1.994963e+01,1.759304e+00,1.520566e+00,1.994911e+01,9.851724e+00,2.080567e+01,2.654599e+00,1.000000e+01,2.800000e+01,2.666667e+00
2.575251e-01,1.746817e+00,2.491171e+00,1.862811e+01,1.764966e+00,1.654519e+00,1.943177e+01,9.851724e+00,2.080567e+01,2.654599e+00,1.000000e+01,2.800000e+01,2.666667e+00
2.608696e-01,1.645507e+00,2.212511e+00,1.993067e+01,1.792514e+00,1.800858e+00,1.892398e+01,9.851724e+00,2.080567e+01,2.654599e+00,1.000000e+01,2.800000e+01,2.666667e+00
2.642140e-01,1.590326e+00,1.952288e+00,1.843366e+01,1.833150e+00,1.960186e+00,1.843051e+01,9.851724e+00,2.080567e+01,2.654599e+00,1.000000e+01,2.800000e+01,2.666667e+00
2.675585e-01,1.516122e+00,2.710536e+00,1.783789e+01,1.881517e+00,2.132954e+00,1.795581e+01,9.851724e+00,2.080567e+01,2.654599e+00,1.000000e+01,2.800000e+01,2.666667e+00
2.709030e-01,1.802852e+00,2.402571e+00,1.667807e+01,1.935987e+00,2.319422e+00,1.750330e+01,9.851724e+00,2.080567e+01,2.654599e+00,1.000000e+01,2.800000e+01,2.666667e+00
2.742475e-01,2.077006e+00,2.963169e+00,1.735732e+01,1.997343e+00,2.519680e+00,1.707489e+01,9.851724e+00,2.080567e+01,2.654599e+00,1.000000e+01,2.800000e+01,2.666667e+00
2.775920e-01,2.236562e+00,3.109806e+00,1.648093e+01,2.067286e+00,2.733654e+00,1.667073e+01,9.851724e+00,2.080567e+01,2.654599e+00,1.000000e+01,2.800000e+01,2.666667e+00
2.809364e-01,1.905247e+00,2.261987e+00,1.613031e+01,2.147404e+00,2.961201e+00,1.628944e+01,9.851724e+00,2.080567e+01,2.654599e+00,1.000000e+01,2.800000e+01,2.666667e+00
2.842809e-01,2.311715e+00,3.494996e+00,1.525198e+01,2.238622e+00,3.202167e+00,1.592836e+01,9.851724e+00,2.080567e+01,2.654599e+00,1.000000e+01,2.800000e+01,2.666667e+00
2.876254e-01,2.345435e+00,2.915329e+00,1.543247e+01,2.341044e+00,3.456542e+00,1.558430e+01,9.851724e+00,2.080567e+01,2.654599e+00,1.000000e+01,2.800000e+01,2.666667e+00
2.909699e-01,2.896335e+00,3.326114e+00,1.507543e+01,2.454112e+00,3.724568e+00,1.525413e+01,9.851724e+00,2.080567e+01,2.654599e+00,1.000000e+01,2.800000e+01,2.666667e+00
2.943144e-01,2.443688e+00,4.385427e+00,1.414729e+01,2.577127e+00,4.006943e+00,1.493555e+01,9.851724e+00,2.080567e+01,2.654599e+00,1.000000e+01,2.800000e+01,2.666667e+00
2.976589e-01,2.921389e+00,4.836355e+00,1.432410e+01,2.710037e+00,4.304979e+00,1.462779e+01,9.851724e+00,2.080567e+01,2.654599e+00,1.000000e+01,2.800000e+01,2.666667e+00
3.010033e-01,3.339171e+00,4.237834e+00,1.476650e+01,2.854388e+00,4.620754e+00,1.433218e+01,9.851724e+00,2.080567e+01,2.654599e+00,1.000000e+01,2.800000e+01,2.666667e+00
3.043478e-01,3.819829e+00,4.731358e+00,1.482017e+01,3.014066e+00,4.957318e+00,1.405243e+01,9.851724e+00,2.080567e+01,2.654599e+00,1.000000e+01,2.800000e+01,2.666667e+00
3.076923e-01,3.338342e+00,5.285731e+00,1.387279e+01,3.195198e+00,5.318785e+00,1.379447e+01,9.851724e+00,2.080567e+01,2.654599e+00,1.000000e+01,2.800000e+01,2.666667e+00
3.110368e-01,3.091005e+00,4.977936e+00,1.318429e+01,3.404568e+00,5.710447e+00,1.356593e+01,9.851724e+00,2.080567e+01,2.654599e+00,1.000000e+01,2.800000e+01,2.666667e+00
3.143813e-01,2.911417e+00,5.820679e+00,1.259335e+01,3.646142e+00,6.138725e+00,1.337515e+01,9.851724e+00,2.080567e+01,2.654599e+00,1.000000e+01,2.800000e+01,2.666667e+00
3.177257e-01,4.238811e+00,7.555432e+00,1.435287e+01,3.917116e+00,6.611025e+00,1.323034e+01,9.851724e+00,2.080567e+01,2.654599e+00,1.000000e+01,2.800000e+01,2.666667e+00
3.210702e-01,3.707155e+00,7.698445e+00,1.388527e+01,4.207361e+00,7.135321e+00,1.313880e+01,9.851724e+00,2.080567e+01,2.654599e+00,1.000000e+01,2.800000e+01,2.666667e+00
3.244147e-01,4.192205e+00,7.622326e+00,1.309439e+01,4.505406e+00,7.719402e+00,1.310676e+01,9.851724e+00,2.080567e+01,2.654599e+00,1.000000e+01,2.800000e+01,2.666667e+00
3.277592e-01,4.548366e+00,8.028481e+00,1.363524e+01,4.807735e+00,8.369762e+00,1.313955e+01,9.851724e+00,2.080567e+01,2.654599e+00,1.000000e+01,2.800000e+01,2.666667e+00
3.311037e-01,4.814900e+00,9.158276e+00,1.355996e+01,5.123015e+00,9.090014e+00,1.324211e+01,9.851724e+00,2.080567e+01,2.654599e+00,1.000000e+01,2.800000e+01,2.666667e+00
3.344481e-01,5.946722e+00,1.002564e+01,1.378338e+01,5.467349e+00,9.879139e+00,1.341961e+01,9.851724e+00,2.080567e+01,2.654599e+00,1.000000e+01,2.800000e+01,2.666667e+00
3.377926e-01,5.535576e+00,1.086238e+01,1.442433e+01,5.856003e+00,1.072980e+01,1.367796e+01,9.851724e+00,2.080567e+01,2.654599e+00,1.000000e+01,2.800000e+01,2.666667e+00
3.411371e-01,6.164174e+00,1.127485e+01,1.419713e+01,6.299920e+00,1.162743e+01,1.402427e+01,9.851724e+00,2.080567e+01,2.654599e+00,1.000000e+01,2.800000e+01,2.666667e+00
3.444816e-01,6.891352e+00,1.207106e+01,1.509226e+01,6.806873e+00,1.255064e+01,1.446710e+01,9.851724e+00,2.080567e+01,2.654599e+00,1.000000e+01,2.800000e+01,2.666667e+00
3.478261e-01,7.186704e+00,1.248476e+01,1.503273e+01,7.378284e+00,1.347335e+01,1.501653e+01,9.851724e+00,2.080567e+01,2.654599e+00,1.000000e+01,2.800000e+01,2.666667e+00
3.511705e-01,8.649960e+00,1.397292e+01,1.678080e+01,8.002300e+00,1.436784e+01,1.568374e+01,9.851724e+00,2.080567e+01,2.654599e+00,1.000000e+01,2.800000e+01,2.666667e+00
3.545150e-01,8.311146e+00,1.475104e+01,1.632379e+01,8.658726e+00,1.520807e+01,1.648035e+01,9.851724e+00,2.080567e+01,2.654599e+00,1.000000e+01,2.800000e+01,2.666667e+00
3.578595e-01,8.886871e+00,1.554733e+01,1.802078e+01,9.331823e+00,1.597164e+01,1.741671e+01,9.851724e+00,2.080567e+01,2.654599e+00,1.000000e+01,2.800000e+01,2.666667e+00
3.612040e-01,9.869228e+00,1.646276e+01,1.924415e+01,1.000482e+01,1.664096e+01,1.849977e+01,9.851724e+00,2.080567e+01,2.654599e+00,1.000000e+01,2.800000e+01,2.666667e+00
3.645485e-01,1.061640e+01,1.716831e+01,1.985487e+01,1.065442e+01,1.720391e+01,1.973024e+01,9.851724e+00,2.080567e+01,2.654599e+00,1.000000e+01,2.800000e+01,2.666667e+00
3.678930e-01,1.117566e+01,1.782496e+01,2.148337e+01,1.127647e+01,1.765396e+01,2.109983e+01,9.851724e+00,2.080567e+01,2.654599e+00,1.000000e+01,2.800000e+01,2.666667e+00
3.712374e-01,1.215627e+01,1.801548e+01,2.193232e+01,1.187630e+01,1.798888e+01,2.259021e+01,9.851724e+00,2.080567e+01,2.654599e+00,1.000000e+01,2.800000e+01,2.666667e+00
3.745819e-01,1.284425e+01,1.828602e+01,2.434254e+01,1.243691e+01,1.820776e+01,2.417503e+01,9.851724e+00,2.080567e+01,2.654599e+00,1.000000e+01,2.800000e+01,2.666667e+00
3.779264e-01,1.386600e+01,1.802591e+01,2.588911e+01,1.296676e+01,1.830692e+01,2.582578e+01,9.851724e+00,2.080567e+01,2.654599e+00,1.000000e+01,2.800000e+01,2.666667e+00
3.812709e-01,1.295152e+01,1.925919e+01,2.712257e+01,1.348267e+01,1.827580e+01,2.751969e+01,9.851724e+00,2.080567e+01,2.654599e+00,1.000000e+01,2.800000e+01,2.666667e+00
3.846154e-01,1.400782e+01,1.887701e+01,2.981126e+01,1.395987e+01,1.809314e+01,2.924379e+01,9.851724e+00,2.080567e+01,2.654599e+00,1.000000e+01,2.800000e+01,2.666667e+00
3.879598e-01,1.387815e+01,1.871157e+01,3.177468e+01,1.436999e+01,1.772442e+01,3.098627e+01,9.851724e+00,2.080567e+01,2.654599e+00,1.000000e+01,2.800000e+01,2.666667e+00
3.913043e-01,1.395524e+01,1.743386e+01,3.299098e+01,1.469595e+01,1.712300e+01,3.271505e+01,9.851724e+00,2.080567e+01,2.654599e+00,1.000000e+01,2.800000e+01,2.666667e+00
3.946488e-01,1.432546e+01,1.564070e+01,3.502024e+01,1.490639e+01,1.623997e+01,3.436010e+01,9.851724e+00,2.080567e+01,2.654599e+00,1.000000e+01,2.800000e+01,2.666667e+00
3.979933e-01,1.543312e+01,1.509761e+01,3.589174e+01,1.497372e+01,1.504820e+01,3.582584e+01,9.851724e+00,2.080567e+01,2.654599e+00,1.000000e+01,2.800000e+01,2.666667e+00
4.013378e-01,1.469517e+01,1.265814e+01,3.712859e+01,1.489343e+01,1.357545e+01,3.702881e+01,9.851724e+00,2.080567e+01,2.654599e+00,1.000000e+01,2.800000e+01,2.666667e+00
4.046823e-01,1.487149e+01,1.148318e+01,3.782108e+01,1.466920e+01,1.191980e+01,3.792545e+01,9.851724e+00,2.080567e+01,2.654599e+00,1.000000e+01,2.800000e+01,2.666667e+00
4.080267e-01,1.408544e+01,1.030560e+01,3.903726e+01,1.430922e+01,1.021493e+01,3.851058e+01,9.851724e+00,2.080567e+01,2.654599e+00,1.000000e+01,2.800000e+01,2.666667e+00
4.113712e-01,1.414677e+01,9.656783e+00,3.875136e+01,1.383107e+01,8.561642e+00,3.880095e+01,9.851724e+00,2.080567e+01,2.654599e+00,1.000000e+01,2.800000e+01,2.666667e+00
4.147157e-01,1.299766e+01,7.480376e+00,3.808289e+01,1.325539e+01,6.994832e+00,3.882126e+01,9.851724e+00,2.080567e+01,2.654599e+00,1.000000e+01,2.800000e+01,2.666667e+00
4.180602e-01,1.230522e+01,5.489010e+00,3.837100e+01,1.259858e+01,5.510407e+00,3.859885e+01,9.851724e+00,2.080567e+01,2.654599e+00,1.000000e+01,2.800000e+01,2.666667e+00
4.214047e-01,1.191632e+01,4.107980e+00,3.815651e+01,1.187327e+01,4.109374e+00,3.816397e+01,9.851724e+00,2.080567e+01,2.654599e+00,1.000000e+01,2.800000e+01,2.666667e+00
4.247491e-01,1.043619e+01,2.661691e+00,3.711830e+01,1.108930e+01,2.821399e+00,3.755165e+01,9.851724e+00,2.080567e+01,2.654599e+00,1.000000e+01,2.800000e+01,2.666667e+00
4.280936e-01,1.024848e+01,2.041158e+00,3.684297e+01,1.025955e+01,1.700704e+00,3.680141e+01,9.851724e+00,2.080567e+01,2.654599e+00,1.000000e+01,2.800000e+01,2.666667e+00
4.314381e-01,8.041998e+00,1.769982e-01,3.658737e+01,9.407235e+00,7.988656e-01,3.595433e+01,9.851724e+00,2.080567e+01,2.654599e+00,1.000000e+01,2.800000e+01,2.666667e+00
4.347826e-01,8.622032e+00,8.855201e-01,3.517307e+01,8.560384e+00,1.332998e-01,3.504831e+01,9.851724e+00,2.080567e+01,2.654599e+00,1.000000e+01,2.800000e+01,2.666667e+00
4.381271e-01,7.308684e+00,1.144814e+00,3.453615e+01,7.741028e+00,-3.211892e-01,3.411421e+01,9.851724e+00,2.080567e+01,2.654599e+00,1.000000e+01,2.800000e+01,2.666667e+00
4.414716e-01,6.963145e+00,1.188905e-01,3.383081e+01,6.961957e+00,-6.144798e-01,3.317422e+01,9.851724e+00,2.080567e+01,2.654599e+00,1.000000e+01,2.800000e+01,2.666667e+00
4.448160e-01,6.438876e+00,-1.260249e+00,3.260545e+01,6.229658e+00,-7.978034e-01,3.224265e+01,9.851724e+00,2.080567e+01,2.654599e+00,1.000000e+01,2.800000e+01,2.666667e+00
4.481605e-01,5.679249e+00,-8.954188e-01,3.105967e+01,5.546441e+00,-9.110713e-01,3.132792e+01,9.851724e+00,2.080567e+01,2.654599e+00,1.000000e+01,2.800000e+01,2.666667e+00
4.515050e-01,5.302754e+00,-1.257187e+00,2.982930e+01,4.911632e+00,-9.810233e-01,3.043494e+01,9.851724e+00,2.080567e+01,2.654599e+00,1.000000e+01,2.800000e+01,2.666667e+00
4.548495e-01,4.388180e+00,-1.582896e+00,2.928436e+01,4.324119e+00,-1.024227e+00,2.956656e+01,9.851724e+00,2.080567e+01,2.654599e+00,1.000000e+01,2.800000e+01,2.666667e+00
4.581940e-01,3.815616e+00,-2.003411e+00,2.952769e+01,3.785049e+00,-1.050625e+00,2.872470e+01,9.851724e+00,2.080567e+01,2.654599e+00,1.000000e+01,2.800000e+01,2.666667e+00
4.615384e-01,3.975804e+00,-1.383391e+00,2.798319e+01,3.296982e+00,-1.066191e+00,2.791080e+01,9.851724e+00,2.080567e+01,2.654599e+00,1.000000e+01,2.800000e+01,2.666667e+00
4.648829e-01,2.491940e+00,-1.036666e+00,2.731743e+01,2.860876e+00,-1.074591e+00,2.712580e+01,9.851724e+00,2.080567e+01,2.654599e+00,1.000000e+01,2.800000e+01,2.666667e+00
4.682274e-01,1.775836e+00,-1.426157e+00,2.678763e+01,2.474525e+00,-1.078146e+00,2.637019e+01,9.851724e+00,2.080567e+01,2.654599e+00,1.000000e+01,2.800000e+01,2.666667e+00
4.715719e-01,2.264868e+00,-1.164649e+00,2.526162e+01,2.133180e+00,-1.078379e+00,2.564393e+01,9.851724e+00,2.080567e+01,2.654599e+00,1.000000e+01,2.800000e+01,2.666667e+00
4.749164e-01,2.361028e+00,-5.522954e-01,2.570021e+01,1.831224e+00,-1.076331e+00,2.494633e+01,9.851724e+00,2.080567e+01,2.654599e+00,1.000000e+01,2.800000e+01,2.666667e+00
4.782608e-01,1.676040e+00,-6.739148e-01,2.491441e+01,1.563337e+00,-1.072741e+00,2.427617e+01,9.851724e+00,2.080567e+01,2.654599e+00,1.000000e+01,2.800000e+01,2.666667e+00
4.816053e-01,1.206442e+00,-2.059165e+00,2.421236e+01,1.324961e+00,-1.068153e+00,2.363170e+01,9.851724e+00,2.080567e+01,2.654599e+00,1.000000e+01,2.800000e+01,2.666667e+00
4.849498e-01,4.698664e-01,-1.358608e+00,2.300399e+01,1.112346e+00,-1.062990e+00,2.301092e+01,9.851724e+00,2.080567e+01,2.654599e+00,1.000000e+01,2.800000e+01,2.666667e+00
4.882943e-01,8.938923e-01,-9.822818e-01,2.306672e+01,9.223879e-01,-1.057589e+00,2.241166e+01,9.851724e+00,2.080567e+01,2.654599e+00,1.000000e+01,2.800000e+01,2.666667e+00
4.916388e-01,-8.296311e-03,-8.023703e-02,2.239949e+01,7.524527e-01,-1.052232e+00,2.183178e+01,9.851724e+00,2.080567e+01,2.654599e+00,1.000000e+01,2.800000e+01,2.666667e+00
4.949833e-01,2.264539e-01,-1.223477e+00,2.197643e+01,6.002749e-01,-1.047168e+00,2.126939e+01,9.851724e+00,2.080567e+01,2.654599e+00,1.000000e+01,2.800000e+01,2.666667e+00
4.983277e-01,6.479110e-01,-5.997100e-01,2.075727e+01,4.638208e-01,-1.042631e+00,2.072288e+01,9.851724e+00,2.080567e+01,2.654599e+00,1.000000e+01,2.800000e+01,2.666667e+00
5.016723e-01,-5.809305e-01,-7.219039e-01,1.982015e+01,3.412903e-01,-1.038836e+00,2.019099e+01,9.851724e+00,2.080567e+01,2.654599e+00,1.000000e+01,2.800000e+01,2.666667e+00
5.050167e-01,-3.327746e-01,-1.828843e+00,1.988828e+01,2.310360e-01,-1.036012e+00,1.967286e+01,9.851724e+00,2.080567e+01,2.654599e+00,1.000000e+01,2.800000e+01,2.666667e+00
5.083612e-01,1.432823e-01,-4.621852e-01,1.876840e+01,1.315559e-01,-1.034397e+00,1.916791e+01,9.851724e+00,2.080567e+01,2.654599e+00,1.000000e+01,2.800000e+01,2.666667e+00
5.117057e-01,6.740152e-01,-7.393268e-01,1.809576e+01,4.147418e-02,-1.034247e+00,1.867586e+01,9.851724e+00,2.080567e+01,2.654599e+00,1.000000e+01,2.800000e+01,2.666667e+00
5.150502e-01,3.725298e-01,-3.646436e-01,1.807889e+01,-4.047506e-02,-1.035853e+00,1.819654e+01,9.851724e+00,2.080567e+01,2.654599e+00,1.000000e+01,2.800000e+01,2.666667e+00
5.183946e-01,-3.662731e-02,-9.601440e-01,1.838203e+01,-1.154601e-01,-1.039554e+00,1.772992e+01,9.851724e+00,2.080567e+01,2.654599e+00,1.000000e+01,2.800000e+01,2.666667e+00
5.217392e-01,-2.137936e-01,-5.202057e-01,1.792004e+01,-1.845705e-01,-1.045746e+00,1.727596e+01,9.851724e+00,2.080567e+01,2.654599e+00,1.000000e+01,2.800000e+01,2.666667e+00
5.250836e-01,-4.215966e-01,-7.133600e-01,1.638964e+01,-2.488147e-01,-1.054899e+00,1.683460e+01,9.851724e+00,2.080567e+01,2.654599e+00,1.000000e+01,2.800000e+01,2.666667e+00
5.284281e-01,-1.947229e-01,-1.343334e+00,1.651567e+01,-3.091514e-01,-1.067576e+00,1.640569e+01,9.851724e+00,2.080567e+01,2.654599e+00,1.000000e+01,2.800000e+01,2.666667e+00
5.317726e-01,-3.726848e-01,-8.604395e-01,1.587974e+01,-3.664851e-01,-1.084447e+00,1.598902e+01,9.851724e+00,2.080567e+01,2.654599e+00,1.000000e+01,2.800000e+01,2.666667e+00
5.351171e-01,-2.114927e-01,-1.646323e+00,1.527450e+01,-4.216790e-01,-1.106309e+00,1.558430e+01,9.851724e+00,2.080567e+01,2.654599e+00,1.000000e+01,2.800000e+01,2.666667e+00
5.384616e-01,-1.544112e+00,-9.986665e-01,1.500624e+01,-4.755675e-01,-1.134098e+00,1.519123e+01,9.851724e+00,2.080567e+01,2.654599e+00,1.000000e+01,2.800000e+01,2.666667e+00
5.418060e-01,-3.737929e-01,-1.631070e+00,1.387957e+01,-5.289590e-01,-1.168900e+00,1.480945e+01,9.851724e+00,2.080567e+01,2.654599e+00,1.000000e+01,2.800000e+01,2.666667e+00
5.451505e-01,-1.921125e+00,-1.223797e+00,1.444598e+01,-5.826461e-01,-1.211953e+00,1.443861e+01,9.851724e+00,2.080567e+01,2.654599e+00,1.000000e+01,2.800000e+01,2.666667e+00
5.484950e-01,-3.553445e-01,-1.118252e+00,1.413643e+01,-6.374156e-01,-1.264632e+00,1.407839e+01,9.851724e+00,2.080567e+01,2.654599e+00,1.000000e+01,2.800000e+01,2.666667e+00
5.518395e-01,-1.148841e+00,-1.893870e+00,1.413961e+01,-6.940448e-01,-1.328440e+00,1.372847e+01,9.851724e+00,2.080567e+01,2.654599e+00,1.000000e+01,2.800000e+01,2.666667e+00
5.551839e-01,-6.856592e-01,-1.822598e+00,1.427595e+01,-7.533156e-01,-1.404971e+00,1.338856e+01,9.851724e+00,2.080567e+01,2.654599e+00,1.000000e+01,2.800000e+01,2.666667e+00
5.585284e-01,-1.166153e+00,-1.487608e+00,1.175239e+01,-8.160233e-01,-1.495894e+00,1.305837e+01,9.851724e+00,2.080567e+01,2.654599e+00,1.000000e+01,2.800000e+01,2.666667e+00
5.618729e-01,-1.097927e+00,-1.738329e+00,1.178346e+01,-8.829736e-01,-1.602944e+00,1.273763e+01,9.851724e+00,2.080567e+01,2.654599e+00,1.000000e+01,2.800000e+01,2.666667e+00
5.652174e-01,-4.001527e-01,-2.344799e+00,1.265250e+01,-9.550046e-01,-1.727914e+00,1.242610e+01,9.851724e+00,2.080567e+01,2.654599e+00,1.000000e+01,2.800000e+01,2.666667e+00
5.685619e-01,-1.100465e+00,-2.161752e+00,1.147695e+01,-1.032990e+00,-1.872675e+00,1.212354e+01,9.851724e+00,2.080567e+01,2.654599e+00,1.000000e+01,2.800000e+01,2.666667e+00
5.719064e-01,-1.222795e+00,-2.131664e+00,1.207400e+01,-1.117879e+00,-2.039230e+00,1.182973e+01,9.851724e+00,2.080567e+01,2.654599e+00,1.000000e+01,2.800000e+01,2.666667e+00
5.752509e-01,-1.827732e+00,-1.591880e+00,1.189422e+01,-1.210697e+00,-2.229669e+00,1.154464e+01,9.851724e+00,2.080567e+01,2.654599e+00,1.000000e+01,2.800000e+01,2.666667e+00
5.785953e-01,-1.198448e+00,-2.483090e+00,1.089348e+01,-1.312616e+00,-2.446171e+00,1.126836e+01,9.851724e+00,2.080567e+01,2.654599e+00,1.000000e+01,2.800000e+01,2.666667e+00
5.819398e-01,-1.632641e+00,-2.722710e+00,1.060001e+01,-1.424981e+00,-2.690855e+00,1.100121e+01,9.851724e+00,2.080567e+01,2.654599e+00,1.000000e+01,2.800000e+01,2.666667e+00
5.852843e-01,-2.133225e+00,-2.365115e+00,1.022895e+01,-1.549386e+00,-2.965566e+00,1.074387e+01,9.851724e+00,2.080567e+01,2.654599e+00,1.000000e+01,2.800000e+01,2.666667e+00
5.886288e-01,-1.430808e+00,-2.346239e+00,1.001942e+01,-1.687723e+00,-3.271558e+00,1.049744e+01,9.851724e+00,2.080567e+01,2.654599e+00,1.000000e+01,2.800000e+01,2.666667e+00
5.919732e-01,-1.393147e+00,-3.871085e+00,1.006750e+01,-1.842211e+00,-3.609125e+00,1.026350e+01,9.851724e+00,2.080567e+01,2.654599e+00,1.000000e+01,2.800000e+01,2.666667e+00
5.953177e-01,-2.360275e+00,-4.731233e+00,1.043931e+01,-2.015334e+00,-3.977282e+00,1.004423e+01,9.851724e+00,2.080567e+01,2.654599e+00,1.000000e+01,2.800000e+01,2.666667e+00
5.986622e-01,-2.854887e+00,-4.273837e+00,1.047603e+01,-2.209618e+00,-4.373640e+00,9.842392e+00,9.851724e+00,2.080567e+01,2.654599e+00,1.000000e+01,2.800000e+01,2.666667e+00
6.020067e-01,-3.006397e+00,-3.984004e+00,8.814700e+00,-2.427154e+00,-4.794694e+00,9.661406e+00,9.851724e+00,2.080567e+01,2.654599e+00,1.000000e+01,2.800000e+01,2.666667e+00
6.053512e-01,-2.544184e+00,-4.321146e+00,1.004253e+01,-2.668825e+00,-5.236739e+00,9.505354e+00,9.851724e+00,2.080567e+01,2.654599e+00,1.000000e+01,2.800000e+01,2.666667e+00
6.086957e-01,-3.644795e+00,-5.157070e+00,8.834834e+00,-2.933497e+00,-5.697819e+00,9.378914e+00,9.851724e+00,2.080567e+01,2.654599e+00,1.000000e+01,2.800000e+01,2.666667e+00
6.120402e-01,-2.988210e+00,-5.444523e+00,9.990823e+00,-3.217585e+00,-6.180420e+00,9.287428e+00,9.851724e+00,2.080567e+01,2.654599e+00,1.000000e+01,2.800000e+01,2.666667e+00
6.153846e-01,-2.903050e+00,-6.823400e+00,1.013576e+01,-3.516045e+00,-6.695113e+00,9.236800e+00,9.851724e+00,2.080567e+01,2.654599e+00,1.000000e+01,2.800000e+01,2.666667e+00
6.187291e-01,-4.172485e+00,-7.697844e+00,8.511749e+00,-3.825336e+00,-7.263364e+00,9.233555e+00,9.851724e+00,2.080567e+01,2.654599e+00,1.000000e+01,2.800000e+01,2.666667e+00
6.220736e-01,-5.132627e+00,-7.812768e+00,9.427130e+00,-4.147737e+00,-7.916391e+00,9.284874e+00,9.851724e+00,2.080567e+01,2.654599e+00,1.000000e+01,2.800000e+01,2.666667e+00
6.254181e-01,-4.987478e+00,-8.478501e+00,8.620034e+00,-4.494790e+00,-8.684367e+00,9.398692e+00,9.851724e+00,2.080567e+01,2.654599e+00,1.000000e+01,2.800000e+01,2.666667e+00
6.287625e-01,-5.470617e+00,-9.627898e+00,9.466776e+00,-4.885902e+00,-9.573277e+00,9.583877e+00,9.851724e+00,2.080567e+01,2.654599e+00,1.000000e+01,2.800000e+01,2.666667e+00
6.321070e-01,-5.896923e+00,-9.630879e+00,9.740982e+00,-5.339272e+00,-1.054378e+01,9.850506e+00,9.851724e+00,2.080567e+01,2.654599e+00,1.000000e+01,2.800000e+01,2.666667e+00
6.354515e-01,-5.882670e+00,-1.068402e+01,1.024225e+01,-5.858589e+00,-1.152353e+01,1.021024e+01,9.851724e+00,2.080567e+01,2.654599e+00,1.000000e+01,2.800000e+01,2.666667e+00
6.387960e-01,-6.842429e+00,-1.195510e+01,1.101503e+01,-6.429667e+00,-1.245967e+01,1.067669e+01,9.851724e+00,2.080567e+01,2.654599e+00,1.000000e+01,2.800000e+01,2.666667e+00
6.421404e-01,-7.595253e+00,-1.292640e+01,1.202501e+01,-7.034692e+00,-1.336317e+01,1.126581e+01,9.851724e+00,2.080567e+01,2.654599e+00,1.000000e+01,2.800000e+01,2.666667e+00
6.454850e-01,-8.663460e+00,-1.444430e+01,1.185813e+01,-7.666288e+00,-1.430040e+01,1.199602e+01,9.851724e+00,2.080567e+01,2.654599e+00,1.000000e+01,2.800000e+01,2.666667e+00
6.488295e-01,-8.049006e+00,-1.569613e+01,1.237142e+01,-8.326895e+00,-1.533971e+01,1.288753e+01,9.851724e+00,2.080567e+01,2.654599e+00,1.000000e+01,2.800000e+01,2.666667e+00
6.521739e-01,-9.914461e+00,-1.680980e+01,1.333928e+01,-9.029031e+00,-1.649222e+01,1.396085e+01,9.851724e+00,2.080567e+01,2.654599e+00,1.000000e+01,2.800000e+01,2.666667e+00
6.555184e-01,-9.927715e+00,-1.828104e+01,1.575757e+01,-9.794888e+00,-1.769224e+01,1.523389e+01,9.851724e+00,2.080567e+01,2.654599e+00,1.000000e+01,2.800000e+01,2.666667e+00
6.588629e-01,-1.092839e+01,-1.779362e+01,1.744103e+01,-1.062067e+01,-1.883558e+01,1.671871e+01,9.851724e+00,2.080567e+01,2.654599e+00,1.000000e+01,2.800000e+01,2.666667e+00
6.622074e-01,-1.223754e+01,-1.980292e+01,1.796982e+01,-1.145545e+01,-1.982976e+01,1.841909e+01,9.851724e+00,2.080567e+01,2.654599e+00,1.000000e+01,2.800000e+01,2.666667e+00
6.655518e-01,-1.245356e+01,-2.026584e+01,1.967810e+01,-1.229635e+01,-2.061130e+01,2.033073e+01,9.851724e+00,2.080567e+01,2.654599e+00,1.000000e+01,2.800000e+01,2.666667e+00
6.688964e-01,-1.319507e+01,-2.205001e+01,2.187074e+01,-1.318269e+01,-2.114308e+01,2.244291e+01,9.851724e+00,2.080567e+01,2.654599e+00,1.000000e+01,2.800000e+01,2.666667e+00
6.722408e-01,-1.320508e+01,-2.259096e+01,2.476378e+01,-1.403219e+01,-2.141174e+01,2.473761e+01,9.851724e+00,2.080567e+01,2.654599e+00,1.000000e+01,2.800000e+01,2.666667e+00
6.755853e-01,-1.442626e+01,-2.106335e+01,2.683233e+01,-1.477249e+01,-2.142084e+01,2.718317e+01,9.851724e+00,2.080567e+01,2.654599e+00,1.000000e+01,2.800000e+01,2.666667e+00
6.789298e-01,-1.420362e+01,-2.218699e+01,2.971758e+01,-1.543583e+01,-2.117387e+01,2.972306e+01,9.851724e+00,2.080567e+01,2.654599e+00,1.000000e+01,2.800000e+01,2.666667e+00
6.822743e-01,-1.671352e+01,-2.149793e+01,3.221254e+01,-1.599673e+01,-2.064577e+01,3.226918e+01,9.851724e+00,2.080567e+01,2.654599e+00,1.000000e+01,2.800000e+01,2.666667e+00
6.856187e-01,-1.632803e+01,-1.997729e+01,3.422696e+01,-1.638384e+01,-1.974187e+01,3.470799e+01,9.851724e+00,2.080567e+01,2.654599e+00,1.000000e+01,2.800000e+01,2.666667e+00
6.889632e-01,-1.603414e+01,-1.850386e+01,3.721380e+01,-1.657864e+01,-1.830931e+01,3.692055e+01,9.851724e+00,2.080567e+01,2.654599e+00,1.000000e+01,2.800000e+01,2.666667e+00
6.923077e-01,-1.686945e+01,-1.656089e+01,3.809561e+01,-1.660538e+01,-1.640468e+01,3.880675e+01,9.851724e+00,2.080567e+01,2.654599e+00,1.000000e+01,2.800000e+01,2.666667e+00
6.956522e-01,-1.677585e+01,-1.381512e+01,3.966760e+01,-1.648579e+01,-1.445305e+01,4.030239e+01,9.851724e+00,2.080567e+01,2.654599e+00,1.000000e+01,2.800000e+01,2.666667e+00
6.989967e-01,-1.666875e+01,-1.245655e+01,4.128223e+01,-1.622465e+01,-1.257630e+01,4.138125e+01,9.851724e+00,2.080567e+01,2.654599e+00,1.000000e+01,2.800000e+01,2.666667e+00
7.023411e-01,-1.520653e+01,-1.050674e+01,4.189688e+01,-1.581569e+01,-1.046504e+01,4.204562e+01,9.851724e+00,2.080567e+01,2.654599e+00,1.000000e+01,2.800000e+01,2.666667e+00
7.056856e-01,-1.447708e+01,-7.296613e+00,4.327049e+01,-1.525175e+01,-8.081006e+00,4.231417e+01,9.851724e+00,2.080567e+01,2.654599e+00,1.000000e+01,2.800000e+01,2.666667e+00
7.090301e-01,-1.391196e+01,-6.356639e+00,4.231987e+01,-1.453298e+01,-5.800032e+00,4.221369e+01,9.851724e+00,2.080567e+01,2.654599e+00,1.000000e+01,2.800000e+01,2.666667e+00
7.123746e-01,-1.350800e+01,-3.099525e+00,4.175741e+01,-1.367130e+01,-3.807545e+00,4.177888e+01,9.851724e+00,2.080567e+01,2.654599e+00,1.000000e+01,2.800000e+01,2.666667e+00
7.157190e-01,-1.302678e+01,-2.013326e+00,4.171018e+01,-1.269083e+01,-2.054863e+00,4.105750e+01,9.851724e+00,2.080567e+01,2.654599e+00,1.000000e+01,2.800000e+01,2.666667e+00
7.190635e-01,-1.167366e+01,1.059804e+00,3.960406e+01,-1.162480e+01,-5.630469e-01,4.011320e+01,9.851724e+00,2.080567e+01,2.654599e+00,1.000000e+01,2.800000e+01,2.666667e+00
7.224081e-01,-1.057889e+01,7.568776e-01,3.894870e+01,-1.051068e+01,7.526618e-01,3.901915e+01,9.851724e+00,2.080567e+01,2.654599e+00,1.000000e+01,2.800000e+01,2.666667e+00
7.257525e-01,-9.597364e+00,9.488680e-01,3.839891e+01,-9.385008e+00,1.949931e+00,3.784381e+01,9.851724e+00,2.080567e+01,2.654599e+00,1.000000e+01,2.800000e+01,2.666667e+00
7.290969e-01,-7.462552e+00,3.116667e+00,3.630418e+01,-8.279507e+00,2.843971e+00,3.663927e+01,9.851724e+00,2.080567e+01,2.654599e+00,1.000000e+01,2.800000e+01,2.666667e+00
7.324415e-01,-7.209519e+00,3.152322e+00,3.506179e+01,-7.218716e+00,3.356324e+00,3.543972e+01,9.851724e+00,2.080567e+01,2.654599e+00,1.000000e+01,2.800000e+01,2.666667e+00
7.357860e-01,-6.060125e+00,3.731873e+00,3.451541e+01,-6.219806e+00,3.607383e+00,3.426712e+01,9.851724e+00,2.080567e+01,2.654599e+00,1.000000e+01,2.800000e+01,2.666667e+00
7.391304e-01,-5.836728e+00,4.205803e+00,3.281494e+01,-5.292846e+00,3.724458e+00,3.313645e+01,9.851724e+00,2.080567e+01,2.654599e+00,1.000000e+01,2.800000e+01,2.666667e+00
7.424750e-01,-4.472946e+00,3.974731e+00,3.278838e+01,-4.442277e+00,3.778921e+00,3.205838e+01,9.851724e+00,2.080567e+01,2.654599e+00,1.000000e+01,2.800000e+01,2.666667e+00
7.458194e-01,-3.293151e+00,4.522512e+00,3.017641e+01,-3.668324e+00,3.804116e+00,3.103973e+01,9.851724e+00,2.080567e+01,2.654599e+00,1.000000e+01,2.800000e+01,2.666667e+00
7.491639e-01,-3.017137e+00,4.709820e+00,3.080556e+01,-2.968175e+00,3.815210e+00,3.008332e+01,9.851724e+00,2.080567e+01,2.654599e+00,1.000000e+01,2.800000e+01,2.666667e+00
7.525084e-01,-2.860435e+00,4.062837e+00,2.863698e+01,-2.337230e+00,3.819399e+00,2.918850e+01,9.851724e+00,2.080567e+01,2.654599e+00,1.000000e+01,2.800000e+01,2.666667e+00
7.558529e-01,-1.649751e+00,3.853013e+00,2.907408e+01,-1.769820e+00,3.820405e+00,2.835189e+01,9.851724e+00,2.080567e+01,2.654599e+00,1.000000e+01,2.800000e+01,2.666667e+00
7.591973e-01,-6.732702e-01,3.865874e+00,2.653692e+01,-1.259847e+00,3.820365e+00,2.756820e+01,9.851724e+00,2.080567e+01,2.654599e+00,1.000000e+01,2.800000e+01,2.666667e+00
7.625418e-01,-7.763852e-01,4.700941e+00,2.680076e+01,-8.011031e-01,3.820661e+00,2.683123e+01,9.851724e+00,2.080567e+01,2.654599e+00,1.000000e+01,2.800000e+01,2.666667e+00
7.658863e-01,2.865904e-01,4.041858e+00,2.580102e+01,-3.876882e-01,3.822308e+00,2.613464e+01,9.851724e+00,2.080567e+01,2.654599e+00,1.000000e+01,2.800000e+01,2.666667e+00
7.692308e-01,1.030878e+00,3.517313e+00,2.531153e+01,-1.394086e-02,3.826143e+00,2.547244e+01,9.851724e+00,2.080567e+01,2.654599e+00,1.000000e+01,2.800000e+01,2.666667e+00
7.725752e-01,1.072048e+00,4.125135e+00,2.525084e+01,3.253264e-01,3.832940e+00,2.483937e+01,9.851724e+00,2.080567e+01,2.654599e+00,1.000000e+01,2.800000e+01,2.666667e+00
7.759197e-01,1.278224e+00,3.374183e+00,2.454298e+01,6.349540e-01,3.843494e+00,2.423102e+01,9.851724e+00,2.080567e+01,2.654599e+00,1.000000e+01,2.800000e+01,2.666667e+00
7.792642e-01,3.512239e-02,3.373019e+00,2.239949e+01,9.192813e-01,3.858687e+00,2.364398e+01,9.851724e+00,2.080567e+01,2.654599e+00,1.000000e+01,2.800000e+01,2.666667e+00
7.826087e-01,1.574630e+00,3.872443e+00,2.263712e+01,1.182283e+00,3.879555e+00,2.307573e+01,9.851724e+00,2.080567e+01,2.654599e+00,1.000000e+01,2.800000e+01,2.666667e+00
7.859532e-01,1.238981e+00,4.495909e+00,2.294934e+01,1.427593e+00,3.907364e+00,2.252463e+01,9.851724e+00,2.080567e+01,2.654599e+00,1.000000e+01,2.800000e+01,2.666667e+00
7.892976e-01,1.899544e+00,4.072813e+00,2.184083e+01,1.658509e+00,3.943692e+00,2.198992e+01,9.851724e+00,2.080567e+01,2.654599e+00,1.000000e+01,2.800000e+01,2.666667e+00
7.926421e-01,1.753550e+00,3.824193e+00,2.138054e+01,1.878071e+00,3.990543e+00,2.147152e+01,9.851724e+00,2.080567e+01,2.654599e+00,1.000000e+01,2.800000e+01,2.666667e+00
7.959867e-01,2.345248e+00,3.687244e+00,2.011422e+01,2.089052e+00,4.050475e+00,2.097008e+01,9.851724e+00,2.080567e+01,2.654599e+00,1.000000e+01,2.800000e+01,2.666667e+00
7.993311e-01,1.854426e+00,4.988741e+00,2.035985e+01,2.294027e+00,4.126773e+00,2.048690e+01,9.851724e+00,2.080567e+01,2.654599e+00,1.000000e+01,2.800000e+01,2.666667e+00
8.026755e-01,2.267931e+00,4.621735e+00,1.858664e+01,2.495445e+00,4.223665e+00,2.002380e+01,9.851724e+00,2.080567e+01,2.654599e+00,1.000000e+01,2.800000e+01,2.666667e+00
8.060201e-01,2.827215e+00,5.038781e+00,2.020005e+01,2.695581e+00,4.346547e+00,1.958306e+01,9.851724e+00,2.080567e+01,2.654599e+00,1.000000e+01,2.800000e+01,2.666667e+00
8.093646e-01,2.980503e+00,5.196783e+00,1.982946e+01,2.896607e+00,4.502154e+00,1.916739e+01,9.851724e+00,2.080567e+01,2.654599e+00,1.000000e+01,2.800000e+01,2.666667e+00
8.127090e-01,2.840229e+00,4.493964e+00,1.909839e+01,3.100578e+00,4.698475e+00,1.877973e+01,9.851724e+00,2.080567e+01,2.654599e+00,1.000000e+01,2.800000e+01,2.666667e+00
8.160536e-01,2.728076e+00,5.539090e+00,1.829949e+01,3.309544e+00,4.943974e+00,1.842319e+01,9.851724e+00,2.080567e+01,2.654599e+00,1.000000e+01,2.800000e+01,2.666667e+00
8.193980e-01,2.559309e+00,5.437348e+00,1.720107e+01,3.525388e+00,5.245610e+00,1.810093e+01,9.851724e+00,2.080567e+01,2.654599e+00,1.000000e+01,2.800000e+01,2.666667e+00
8.227425e-01,4.553127e+00,5.911638e+00,1.861676e+01,3.750054e+00,5.605741e+00,1.781598e+01,9.851724e+00,2.080567e+01,2.654599e+00,1.000000e+01,2.800000e+01,2.666667e+00
8.260870e-01,2.861621e+00,6.164445e+00,1.685691e+01,3.985320e+00,6.019347e+00,1.757126e+01,9.851724e+00,2.080567e+01,2.654599e+00,1.000000e+01,2.800000e+01,2.666667e+00
8.294315e-01,4.468789e+00,5.802958e+00,1.719137e+01,4.232952e+00,6.474480e+00,1.736938e+01,9.851724e+00,2.080567e+01,2.654599e+00,1.000000e+01,2.800000e+01,2.666667e+00
8.327759e-01,4.368395e+00,7.595277e+00,1.818704e+01,4.494618e+00,6.956768e+00,1.721263e+01,9.851724e+00,2.080567e+01,2.654599e+00,1.000000e+01,2.800000e+01,2.666667e+00
8.361204e-01,5.085196e+00,6.960712e+00,1.784146e+01,4.771893e+00,7.454585e+00,1.710296e+01,9.851724e+00,2.080567e+01,2.654599e+00,1.000000e+01,2.800000e+01,2.666667e+00
8.394649e-01,5.443556e+00,7.780904e+00,1.781021e+01,5.066146e+00,7.961149e+00,1.704202e+01,9.851724e+00,2.080567e+01,2.654599e+00,1.000000e+01,2.800000e+01,2.666667e+00
8.428094e-01,4.980110e+00,8.751343e+00,1.682515e+01,5.378619e+00,8.473548e+00,1.703123e+01,9.851724e+00,2.080567e+01,2.654599e+00,1.000000e+01,2.800000e+01,2.666667e+00
8.461538e-01,5.572549e+00,8.758085e+00,1.673281e+01,5.710238e+00,8.990918e+00,1.707196e+01,9.851724e+00,2.080567e+01,2.654599e+00,1.000000e+01,2.800000e+01,2.666667e+00
8.494983e-01,6.362808e+00,8.749067e+00,1.754391e+01,6.061676e+00,9.513173e+00,1.716575e+01,9.851724e+00,2.080567e+01,2.654599e+00,1.000000e+01,2.800000e+01,2.666667e+00
8.528428e-01,7.130227e+00,8.806473e+00,1.742622e+01,6.433155e+00,1.004041e+01,1.731456e+01,9.851724e+00,2.080567e+01,2.654599e+00,1.000000e+01,2.800000e+01,2.666667e+00
8.561873e-01,6.335835e+00,1.055459e+01,1.792902e+01,6.824418e+00,1.057279e+01,1.752119e+01,9.851724e+00,2.080567e+01,2.654599e+00,1.000000e+01,2.800000e+01,2.666667e+00
8.595318e-01,7.290656e+00,1.037821e+01,1.783496e+01,7.234669e+00,1.111035e+01,1.778961e+01,9.851724e+00,2.080567e+01,2.654599e+00,1.000000e+01,2.800000e+01,2.666667e+00
8.628762e-01,8.109867e+00,1.214147e+01,1.747675e+01,7.662408e+00,1.165255e+01,1.812541e+01,9.851724e+00,2.080567e+01,2.654599e+00,1.000000e+01,2.800000e+01,2.666667e+00
8.662207e-01,8.093758e+00,1.202809e+01,1.802425e+01,8.105509e+00,1.219789e+01,1.853607e+01,9.851724e+00,2.080567e+01,2.654599e+00,1.000000e+01,2.800000e+01,2.666667e+00
8.695652e-01,8.065730e+00,1.292638e+01,1.874201e+01,8.561043e+00,1.274310e+01,1.903103e+01,9.851724e+00,2.080567e+01,2.654599e+00,1.000000e+01,2.800000e+01,2.666667e+00
8.729097e-01,8.013286e+00,1.338840e+01,1.921989e+01,9.025360e+00,1.328234e+01,1.962123e+01,9.851724e+00,2.080567e+01,2.654599e+00,1.000000e+01,2.800000e+01,2.666667e+00
8.762541e-01,8.608664e+00,1.483542e+01,2.123518e+01,9.494131e+00,1.380640e+01,2.031822e+01,9.851724e+00,2.080567e+01,2.654599e+00,1.000000e+01,2.800000e+01,2.666667e+00
8.795987e-01,1.021495e+01,1.452270e+01,2.112685e+01,9.962420e+00,1.430187e+01,2.113226e+01,9.851724e+00,2.080567e+01,2.654599e+00,1.000000e+01,2.800000e+01,2.666667e+00
8.829432e-01,9.925951e+00,1.612035e+01,2.212737e+01,1.042484e+01,1.475035e+01,2.206950e+01,9.851724e+00,2.080567e+01,2.654599e+00,1.000000e+01,2.800000e+01,2.666667e+00
8.862876e-01,9.984346e+00,1.633797e+01,2.297449e+01,1.087572e+01,1.512824e+01,2.312898e+01,9.851724e+00,2.080567e+01,2.654599e+00,1.000000e+01,2.800000e+01,2.666667e+00
8.896322e-01,1.158019e+01,1.595146e+01,2.465719e+01,1.130930e+01,1.540794e+01,2.429961e+01,9.851724e+00,2.080567e+01,2.654599e+00,1.000000e+01,2.800000e+01,2.666667e+00
8.929766e-01,1.197639e+01,1.647819e+01,2.560285e+01,1.171984e+01,1.556284e+01,2.555869e+01,9.851724e+00,2.080567e+01,2.654599e+00,1.000000e+01,2.800000e+01,2.666667e+00
8.963211e-01,1.146653e+01,1.574617e+01,2.647794e+01,1.210172e+01,1.557939e+01,2.687303e+01,9.851724e+00,2.080567e+01,2.654599e+00,1.000000e+01,2.800000e+01,2.666667e+00
8.996656e-01,1.205547e+01,1.601656e+01,2.785564e+01,1.244932e+01,1.547226e+01,2.820229e+01,9.851724e+00,2.080567e+01,2.654599e+00,1.000000e+01,2.800000e+01,2.666667e+00
9.030101e-01,1.271824e+01,1.659609e+01,2.880697e+01,1.275675e+01,1.528268e+01,2.950434e+01,9.851724e+00,2.080567e+01,2.654599e+00,1.000000e+01,2.800000e+01,2.666667e+00
9.063545e-01,1.282601e+01,1.535407e+01,3.139088e+01,1.301740e+01,1.504092e+01,3.074077e+01,9.851724e+00,2.080567e+01,2.654599e+00,1.000000e+01,2.800000e+01,2.666667e+00
9.096990e-01,1.277783e+01,1.318016e+01,3.198052e+01,1.322327e+01,1.471365e+01,3.188064e+01,9.851724e+00,2.080567e+01,2.654599e+00,1.000000e+01,2.800000e+01,2.666667e+00
9.130435e-01,1.358400e+01,1.304351e+01,3.284966e+01,1.336419e+01,1.417790e+01,3.290198e+01,9.851724e+00,2.080567e+01,2.654599e+00,1.000000e+01,2.800000e+01,2.666667e+00
9.163880e-01,1.309446e+01,1.251911e+01,3.322829e+01,1.342764e+01,1.327282e+01,3.379094e+01,9.851724e+00,2.080567e+01,2.654599e+00,1.000000e+01,2.800000e+01,2.666667e+00
9.197324e-01,1.302941e+01,1.285916e+01,3.507133e+01,1.339939e+01,1.201555e+01,3.453972e+01,9.851724e+00,2.080567e+01,2.654599e+00,1.000000e+01,2.800000e+01,2.666667e+00
9.230769e-01,1.335883e+01,1.242074e+01,3.551223e+01,1.326632e+01,1.075954e+01,3.514400e+01,9.851724e+00,2.080567e+01,2.654599e+00,1.000000e+01,2.800000e+01,2.666667e+00
9.264214e-01,1.258254e+01,9.396070e+00,3.641496e+01,1.302130e+01,9.795631e+00,3.560051e+01,9.851724e+00,2.080567e+01,2.654599e+00,1.000000e+01,2.800000e+01,2.666667e+00
9.297659e-01,1.282631e+01,9.261097e+00,3.498152e+01,1.266886e+01,9.023829e+00,3.590591e+01,9.851724e+00,2.080567e+01,2.654599e+00,1.000000e+01,2.800000e+01,2.666667e+00
9.331104e-01,1.211637e+01,8.387850e+00,3.603628e+01,1.222749e+01,8.200596e+00,3.605649e+01,9.851724e+00,2.080567e+01,2.654599e+00,1.000000e+01,2.800000e+01,2.666667e+00
9.364548e-01,1.199931e+01,6.645482e+00,3.541813e+01,1.172539e+01,7.180776e+00,3.604933e+01,9.851724e+00,2.080567e+01,2.654599e+00,1.000000e+01,2.800000e+01,2.666667e+00
9.397993e-01,1.191282e+01,5.029202e+00,3.705779e+01,1.119045e+01,6.012534e+00,3.588437e+01,9.851724e+00,2.080567e+01,2.654599e+00,1.000000e+01,2.800000e+01,2.666667e+00
9.431438e-01,1.040048e+01,4.715972e+00,3.543642e+01,1.064139e+01,4.899059e+00,3.556713e+01,9.851724e+00,2.080567e+01,2.654599e+00,1.000000e+01,2.800000e+01,2.666667e+00
9.464883e-01,1.062604e+01,4.170427e+00,3.477555e+01,1.008541e+01,4.005579e+00,3.511083e+01,9.851724e+00,2.080567e+01,2.654599e+00,1.000000e+01,2.800000e+01,2.666667e+00
9.498327e-01,1.120532e+01,4.352930e+00,3.383656e+01,9.522219e+00,3.349564e+00,3.453717e+01,9.851724e+00,2.080567e+01,2.654599e+00,1.000000e+01,2.800000e+01,2.666667e+00
9.531773e-01,9.443562e+00,3.192010e+00,3.401489e+01,8.950327e+00,2.866380e+00,3.387469e+01,9.851724e+00,2.080567e+01,2.654599e+00,1.000000e+01,2.800000e+01,2.666667e+00
9.565217e-01,7.319239e+00,2.087995e+00,3.375594e+01,8.371854e+00,2.490459e+00,3.315500e+01,9.851724e+00,2.080567e+01,2.654599e+00,1.000000e+01,2.800000e+01,2.666667e+00
9.598662e-01,7.140379e+00,1.373008e+00,3.351443e+01,7.793730e+00,2.182524e+00,3.240790e+01,9.851724e+00,2.080567e+01,2.654599e+00,1.000000e+01,2.800000e+01,2.666667e+00
9.632108e-01,7.280495e+00,1.473144e+00,3.146715e+01,7.226331e+00,1.926314e+00,3.165713e+01,9.851724e+00,2.080567e+01,2.654599e+00,1.000000e+01,2.800000e+01,2.666667e+00
9.665552e-01,6.709619e+00,8.424647e-01,3.205811e+01,6.680818e+00,1.717487e+00,3.091808e+01,9.851724e+00,2.080567e+01,2.654599e+00,1.000000e+01,2.800000e+01,2.666667e+00
9.698997e-01,6.375219e+00,5.554870e-01,3.078863e+01,6.166523e+00,1.553985e+00,3.019762e+01,9.851724e+00,2.080567e+01,2.654599e+00,1.000000e+01,2.800000e+01,2.666667e+00
9.732441e-01,5.139091e+00,1.429886e+00,2.912951e+01,5.689623e+00,1.431173e+00,2.949599e+01,9.851724e+00,2.080567e+01,2.654599e+00,1.000000e+01,2.800000e+01,2.666667e+00
9.765887e-01,5.399286e+00,9.601731e-01,2.859562e+01,5.252802e+00,1.341403e+00,2.880931e+01,9.851724e+00,2.080567e+01,2.654599e+00,1.000000e+01,2.800000e+01,2.666667e+00
9.799331e-01,4.464260e+00,1.308308e+00,2.802738e+01,4.855818e+00,1.276025e+00,2.813232e+01,9.851724e+00,2.080567e+01,2.654599e+00,1.000000e+01,2.800000e+01,2.666667e+00
9.832776e-01,4.700913e+00,5.529072e-01,2.746523e+01,4.496262e+00,1.227457e+00,2.746039e+01,9.851724e+00,2.080567e+01,2.654599e+00,1.000000e+01,2.800000e+01,2.666667e+00
9.866221e-01,3.494815e+00,1.648017e+00,2.589353e+01,4.170531e+00,1.190179e+00,2.679100e+01,9.851724e+00,2.080567e+01,2.654599e+00,1.000000e+01,2.800000e+01,2.666667e+00
9.899666e-01,3.983297e+00,1.532388e+00,2.624386e+01,3.874493e+00,1.160710e+00,2.612436e+01,9.851724e+00,2.080567e+01,2.654599e+00,1.000000e+01,2.800000e+01,2.666667e+00
9.933110e-01,4.049784e+00,1.148957e+00,2.543408e+01,3.603927e+00,1.137085e+00,2.546324e+01,9.851724e+00,2.080567e+01,2.654599e+00,1.000000e+01,2.800000e+01,2.666667e+00
9.966555e-01,4.537499e+00,1.213495e+00,2.466833e+01,3.354820e+00,1.118261e+00,2.481250e+01,9.851724e+00,2.080567e+01,2.654599e+00,1.000000e+01,2.800000e+01,2.666667e+00
1.000000e+00,2.922426e+00,1.126551e+00,2.481056e+01,3.123572e+00,1.103714e+00,2.417836e+01,9.851724e+00,2.080567e+01,2.654599e+00,1.000000e+01,2.800000e+01,2.666667e+00
