t,v_obs,v_pred,w_pred,epsilon_pred,a_pred,epsilon_true,a_true
0.000000e+00,-1.037651e+00,-9.999987e-01,9.998513e-01,5.232778e-06,7.847429e-01,8.000000e-02,7.000000e-01
1.672241e-01,-1.190115e+00,-1.158198e+00,-1.190834e-01,5.232778e-06,7.847429e-01,8.000000e-02,7.000000e-01
3.344482e-01,-1.381580e+00,-1.369159e+00,1.726840e-02,5.232778e-06,7.847429e-01,8.000000e-02,7.000000e-01
5.016723e-01,-1.480256e+00,-1.547153e+00,1.981147e-01,5.232778e-06,7.847429e-01,8.000000e-02,7.000000e-01
6.688963e-01,-1.608864e+00,-1.643121e+00,3.451357e-01,5.232778e-06,7.847429e-01,8.000000e-02,7.000000e-01
8.361204e-01,-1.737950e+00,-1.700397e+00,4.427634e-01,5.232778e-06,7.847429e-01,8.000000e-02,7.000000e-01
1.003345e+00,-1.802955e+00,-1.742071e+00,5.205853e-01,5.232778e-06,7.847429e-01,8.000000e-02,7.000000e-01
1.170569e+00,-1.845835e+00,-1.774217e+00,5.903770e-01,5.232778e-06,7.847429e-01,8.000000e-02,7.000000e-01
1.337793e+00,-1.884637e+00,-1.798594e+00,6.470842e-01,5.232778e-06,7.847429e-01,8.000000e-02,7.000000e-01
1.505017e+00,-1.830102e+00,-1.816284e+00,6.874177e-01,5.232778e-06,7.847429e-01,8.000000e-02,7.000000e-01
1.672241e+00,-1.885253e+00,-1.828343e+00,7.131836e-01,5.232778e-06,7.847429e-01,8.000000e-02,7.000000e-01
1.839465e+00,-1.876599e+00,-1.835794e+00,7.278357e-01,5.232778e-06,7.847429e-01,8.000000e-02,7.000000e-01
2.006689e+00,-1.890900e+00,-1.839543e+00,7.343500e-01,5.232778e-06,7.847429e-01,8.000000e-02,7.000000e-01
2.173913e+00,-1.739534e+00,-1.840349e+00,7.348157e-01,5.232778e-06,7.847429e-01,8.000000e-02,7.000000e-01
2.341137e+00,-1.958441e+00,-1.838816e+00,7.306136e-01,5.232778e-06,7.847429e-01,8.000000e-02,7.000000e-01
2.508361e+00,-1.766681e+00,-1.835420e+00,7.226613e-01,5.232778e-06,7.847429e-01,8.000000e-02,7.000000e-01
2.675585e+00,-1.877347e+00,-1.830531e+00,7.116005e-01,5.232778e-06,7.847429e-01,8.000000e-02,7.000000e-01
2.842809e+00,-1.945144e+00,-1.824437e+00,6.979213e-01,5.232778e-06,7.847429e-01,8.000000e-02,7.000000e-01
3.010033e+00,-1.716645e+00,-1.817365e+00,6.820383e-01,5.232778e-06,7.847429e-01,8.000000e-02,7.000000e-01
3.177258e+00,-1.708754e+00,-1.809496e+00,6.643324e-01,5.232778e-06,7.847429e-01,8.000000e-02,7.000000e-01
3.344481e+00,-1.671189e+00,-1.800978e+00,6.451721e-01,5.232778e-06,7.847429e-01,8.000000e-02,7.000000e-01
3.511706e+00,-1.836757e+00,-1.791932e+00,6.249157e-01,5.232778e-06,7.847429e-01,8.000000e-02,7.000000e-01
3.678930e+00,-1.767745e+00,-1.782461e+00,6.039038e-01,5.232778e-06,7.847429e-01,8.000000e-02,7.000000e-01
3.846154e+00,-1.667305e+00,-1.772650e+00,5.824484e-01,5.232778e-06,7.847429e-01,8.000000e-02,7.000000e-01
4.013378e+00,-1.674258e+00,-1.762575e+00,5.608199e-01,5.232778e-06,7.847429e-01,8.000000e-02,7.000000e-01
4.180602e+00,-1.800114e+00,-1.752301e+00,5.392389e-01,5.232778e-06,7.847429e-01,8.000000e-02,7.000000e-01
4.347826e+00,-1.710678e+00,-1.741885e+00,5.178744e-01,5.232778e-06,7.847429e-01,8.000000e-02,7.000000e-01
4.515050e+00,-1.679233e+00,-1.731377e+00,4.968437e-01,5.232778e-06,7.847429e-01,8.000000e-02,7.000000e-01
4.682274e+00,-1.701481e+00,-1.720819e+00,4.762194e-01,5.232778e-06,7.847429e-01,8.000000e-02,7.000000e-01
4.849498e+00,-1.648048e+00,-1.710249e+00,4.560402e-01,5.232778e-06,7.847429e-01,8.000000e-02,7.000000e-01
5.016722e+00,-1.706653e+00,-1.699699e+00,4.363168e-01,5.232778e-06,7.847429e-01,8.000000e-02,7.000000e-01
5.183947e+00,-1.636246e+00,-1.689196e+00,4.170447e-01,5.232778e-06,7.847429e-01,8.000000e-02,7.000000e-01
5.351171e+00,-1.689907e+00,-1.678760e+00,3.982132e-01,5.232778e-06,7.847429e-01,8.000000e-02,7.000000e-01
5.518394e+00,-1.557876e+00,-1.668411e+00,3.798083e-01,5.232778e-06,7.847429e-01,8.000000e-02,7.000000e-01
5.685619e+00,-1.634337e+00,-1.658162e+00,3.618202e-01,5.232778e-06,7.847429e-01,8.000000e-02,7.000000e-01
5.852843e+00,-1.632592e+00,-1.648023e+00,3.442456e-01,5.232778e-06,7.847429e-01,8.000000e-02,7.000000e-01
6.020067e+00,-1.579614e+00,-1.638002e+00,3.270878e-01,5.232778e-06,7.847429e-01,8.000000e-02,7.000000e-01
6.187291e+00,-1.592017e+00,-1.628102e+00,3.103557e-01,5.232778e-06,7.847429e-01,8.000000e-02,7.000000e-01
6.354515e+00,-1.621184e+00,-1.618325e+00,2.940619e-01,5.232778e-06,7.847429e-01,8.000000e-02,7.000000e-01
6.521739e+00,-1.599050e+00,-1.608671e+00,2.782213e-01,5.232778e-06,7.847429e-01,8.000000e-02,7.000000e-01
6.688963e+00,-1.535061e+00,-1.599137e+00,2.628479e-01,5.232778e-06,7.847429e-01,8.000000e-02,7.000000e-01
6.856187e+00,-1.639294e+00,-1.589719e+00,2.479516e-01,5.232778e-06,7.847429e-01,8.000000e-02,7.000000e-01
7.023411e+00,-1.594372e+00,-1.580413e+00,2.335384e-01,5.232778e-06,7.847429e-01,8.000000e-02,7.000000e-01
7.190635e+00,-1.590344e+00,-1.571211e+00,2.196078e-01,5.232778e-06,7.847429e-01,8.000000e-02,7.000000e-01
7.357860e+00,-1.673806e+00,-1.562105e+00,2.061523e-01,5.232778e-06,7.847429e-01,8.000000e-02,7.000000e-01
7.525084e+00,-1.535368e+00,-1.553089e+00,1.931594e-01,5.232778e-06,7.847429e-01,8.000000e-02,7.000000e-01
7.692307e+00,-1.541894e+00,-1.544153e+00,1.806100e-01,5.232778e-06,7.847429e-01,8.000000e-02,7.000000e-01
7.859532e+00,-1.468448e+00,-1.535288e+00,1.684810e-01,5.232778e-06,7.847429e-01,8.000000e-02,7.000000e-01
8.026756e+00,-1.553810e+00,-1.526484e+00,1.567460e-01,5.232778e-06,7.847429e-01,8.000000e-02,7.000000e-01
8.193980e+00,-1.538766e+00,-1.517733e+00,1.453762e-01,5.232778e-06,7.847429e-01,8.000000e-02,7.000000e-01
8.361204e+00,-1.463280e+00,-1.509025e+00,1.343410e-01,5.232778e-06,7.847429e-01,8.000000e-02,7.000000e-01
8.528428e+00,-1.530103e+00,-1.500348e+00,1.236113e-01,5.232778e-06,7.847429e-01,8.000000e-02,7.000000e-01
8.695652e+00,-1.575192e+00,-1.491695e+00,1.131565e-01,5.232778e-06,7.847429e-01,8.000000e-02,7.000000e-01
8.862876e+00,-1.438905e+00,-1.483054e+00,1.029482e-01,5.232778e-06,7.847429e-01,8.000000e-02,7.000000e-01
9.030100e+00,-1.474974e+00,-1.474417e+00,9.295939e-02,5.232778e-06,7.847429e-01,8.000000e-02,7.000000e-01
9.197325e+00,-1.468108e+00,-1.465774e+00,8.316503e-02,5.232778e-06,7.847429e-01,8.000000e-02,7.000000e-01
9.364549e+00,-1.497635e+00,-1.457116e+00,7.354294e-02,5.232778e-06,7.847429e-01,8.000000e-02,7.000000e-01
9.531773e+00,-1.506642e+00,-1.448433e+00,6.407271e-02,5.232778e-06,7.847429e-01,8.000000e-02,7.000000e-01
9.698997e+00,-1.436099e+00,-1.439718e+00,5.473898e-02,5.232778e-06,7.847429e-01,8.000000e-02,7.000000e-01
9.866220e+00,-1.513923e+00,-1.430963e+00,4.552792e-02,5.232778e-06,7.847429e-01,8.000000e-02,7.000000e-01
1.003344e+01,-1.417756e+00,-1.422159e+00,3.643106e-02,5.232778e-06,7.847429e-01,8.000000e-02,7.000000e-01
1.020067e+01,-1.491291e+00,-1.413298e+00,2.744327e-02,5.232778e-06,7.847429e-01,8.000000e-02,7.000000e-01
1.036789e+01,-1.356155e+00,-1.404376e+00,1.856325e-02,5.232778e-06,7.847429e-01,8.000000e-02,7.000000e-01
1.053512e+01,-1.353133e+00,-1.395385e+00,9.794693e-03,5.232778e-06,7.847429e-01,8.000000e-02,7.000000e-01
1.070234e+01,-1.375497e+00,-1.386319e+00,1.143437e-03,5.232778e-06,7.847429e-01,8.000000e-02,7.000000e-01
1.086957e+01,-1.373497e+00,-1.377173e+00,-7.380266e-03,5.232778e-06,7.847429e-01,8.000000e-02,7.000000e-01
1.103679e+01,-1.393021e+00,-1.367944e+00,-1.576533e-02,5.232778e-06,7.847429e-01,8.000000e-02,7.000000e-01
1.120401e+01,-1.350135e+00,-1.358626e+00,-2.399649e-02,5.232778e-06,7.847429e-01,8.000000e-02,7.000000e-01
1.137124e+01,-1.283779e+00,-1.349218e+00,-3.205933e-02,5.232778e-06,7.847429e-01,8.000000e-02,7.000000e-01
1.153846e+01,-1.334494e+00,-1.339717e+00,-3.993918e-02,5.232778e-06,7.847429e-01,8.000000e-02,7.000000e-01
1.170569e+01,-1.288364e+00,-1.330121e+00,-4.762055e-02,5.232778e-06,7.847429e-01,8.000000e-02,7.000000e-01
1.187291e+01,-1.290651e+00,-1.320429e+00,-5.509104e-02,5.232778e-06,7.847429e-01,8.000000e-02,7.000000e-01
1.204013e+01,-1.207270e+00,-1.310640e+00,-6.233813e-02,5.232778e-06,7.847429e-01,8.000000e-02,7.000000e-01
1.220736e+01,-1.262858e+00,-1.300755e+00,-6.935264e-02,5.232778e-06,7.847429e-01,8.000000e-02,7.000000e-01
1.237458e+01,-1.254911e+00,-1.290774e+00,-7.612731e-02,5.232778e-06,7.847429e-01,8.000000e-02,7.000000e-01
1.254181e+01,-1.245727e+00,-1.280700e+00,-8.265604e-02,5.232778e-06,7.847429e-01,8.000000e-02,7.000000e-01
1.270903e+01,-1.224177e+00,-1.270534e+00,-8.893622e-02,5.232778e-06,7.847429e-01,8.000000e-02,7.000000e-01
1.287625e+01,-1.248387e+00,-1.260277e+00,-9.496643e-02,5.232778e-06,7.847429e-01,8.000000e-02,7.000000e-01
1.304348e+01,-1.228321e+00,-1.249935e+00,-1.007462e-01,5.232778e-06,7.847429e-01,8.000000e-02,7.000000e-01
1.321070e+01,-1.215690e+00,-1.239508e+00,-1.062778e-01,5.232778e-06,7.847429e-01,8.000000e-02,7.000000e-01
1.337793e+01,-1.235211e+00,-1.229001e+00,-1.115637e-01,5.232778e-06,7.847429e-01,8.000000e-02,7.000000e-01
1.354515e+01,-1.258681e+00,-1.218417e+00,-1.166066e-01,5.232778e-06,7.847429e-01,8.000000e-02,7.000000e-01
1.371237e+01,-1.195506e+00,-1.207761e+00,-1.214103e-01,5.232778e-06,7.847429e-01,8.000000e-02,7.000000e-01
1.387960e+01,-1.200782e+00,-1.197037e+00,-1.259781e-01,5.232778e-06,7.847429e-01,8.000000e-02,7.000000e-01
1.404682e+01,-1.164586e+00,-1.186248e+00,-1.303145e-01,5.232778e-06,7.847429e-01,8.000000e-02,7.000000e-01
1.421405e+01,-1.156012e+00,-1.175399e+00,-1.344223e-01,5.232778e-06,7.847429e-01,8.000000e-02,7.000000e-01
1.438127e+01,-1.162259e+00,-1.164494e+00,-1.383041e-01,5.232778e-06,7.847429e-01,8.000000e-02,7.000000e-01
1.454850e+01,-1.104579e+00,-1.153537e+00,-1.419629e-01,5.232778e-06,7.847429e-01,8.000000e-02,7.000000e-01
1.471572e+01,-1.103639e+00,-1.142532e+00,-1.454005e-01,5.232778e-06,7.847429e-01,8.000000e-02,7.000000e-01
1.488294e+01,-1.138270e+00,-1.131483e+00,-1.486176e-01,5.232778e-06,7.847429e-01,8.000000e-02,7.000000e-01
1.505017e+01,-1.086974e+00,-1.120392e+00,-1.516147e-01,5.232778e-06,7.847429e-01,8.000000e-02,7.000000e-01
1.521739e+01,-1.067299e+00,-1.109263e+00,-1.543919e-01,5.232778e-06,7.847429e-01,8.000000e-02,7.000000e-01
1.538461e+01,-1.154439e+00,-1.098096e+00,-1.569469e-01,5.232778e-06,7.847429e-01,8.000000e-02,7.000000e-01
1.555184e+01,-1.104859e+00,-1.086895e+00,-1.592783e-01,5.232778e-06,7.847429e-01,8.000000e-02,7.000000e-01
1.571906e+01,-1.148799e+00,-1.075658e+00,-1.613829e-01,5.232778e-06,7.847429e-01,8.000000e-02,7.000000e-01
1.588629e+01,-1.044555e+00,-1.064386e+00,-1.632558e-01,5.232778e-06,7.847429e-01,8.000000e-02,7.000000e-01
1.605351e+01,-1.144702e+00,-1.053074e+00,-1.648933e-01,5.232778e-06,7.847429e-01,8.000000e-02,7.000000e-01
1.622074e+01,-1.032783e+00,-1.041719e+00,-1.662884e-01,5.232778e-06,7.847429e-01,8.000000e-02,7.000000e-01
1.638796e+01,-1.072124e+00,-1.030316e+00,-1.674338e-01,5.232778e-06,7.847429e-01,8.000000e-02,7.000000e-01
1.655518e+01,-9.951919e-01,-1.018856e+00,-1.683201e-01,5.232778e-06,7.847429e-01,8.000000e-02,7.000000e-01
1.672241e+01,-1.019659e+00,-1.007327e+00,-1.689378e-01,5.232778e-06,7.847429e-01,8.000000e-02,7.000000e-01
1.688963e+01,-9.896772e-01,-9.957161e-01,-1.692749e-01,5.232778e-06,7.847429e-01,8.000000e-02,7.000000e-01
1.705686e+01,-9.877791e-01,-9.840052e-01,-1.693181e-01,5.232778e-06,7.847429e-01,8.000000e-02,7.000000e-01
1.722408e+01,-9.378577e-01,-9.721732e-01,-1.690509e-01,5.232778e-06,7.847429e-01,8.000000e-02,7.000000e-01
1.739130e+01,-1.030820e+00,-9.601938e-01,-1.684560e-01,5.232778e-06,7.847429e-01,8.000000e-02,7.000000e-01
1.755853e+01,-9.617887e-01,-9.480358e-01,-1.675129e-01,5.232778e-06,7.847429e-01,8.000000e-02,7.000000e-01
1.772575e+01,-9.713960e-01,-9.356617e-01,-1.661977e-01,5.232778e-06,7.847429e-01,8.000000e-02,7.000000e-01
1.789298e+01,-9.226294e-01,-9.230273e-01,-1.644845e-01,5.232778e-06,7.847429e-01,8.000000e-02,7.000000e-01
1.806020e+01,-9.632102e-01,-9.100802e-01,-1.623424e-01,5.232778e-06,7.847429e-01,8.000000e-02,7.000000e-01
1.822742e+01,-9.467401e-01,-8.967586e-01,-1.597375e-01,5.232778e-06,7.847429e-01,8.000000e-02,7.000000e-01
1.839465e+01,-7.835619e-01,-8.829902e-01,-1.566299e-01,5.232778e-06,7.847429e-01,8.000000e-02,7.000000e-01
1.856187e+01,-8.760459e-01,-8.686907e-01,-1.529757e-01,5.232778e-06,7.847429e-01,8.000000e-02,7.000000e-01
1.872910e+01,-8.819245e-01,-8.537614e-01,-1.487223e-01,5.232778e-06,7.847429e-01,8.000000e-02,7.000000e-01
1.889632e+01,-7.746149e-01,-8.380880e-01,-1.438111e-01,5.232778e-06,7.847429e-01,8.000000e-02,7.000000e-01
1.906355e+01,-9.025570e-01,-8.215376e-01,-1.381724e-01,5.232778e-06,7.847429e-01,8.000000e-02,7.000000e-01
1.923077e+01,-8.147622e-01,-8.039576e-01,-1.317246e-01,5.232778e-06,7.847429e-01,8.000000e-02,7.000000e-01
1.939799e+01,-7.259670e-01,-7.851720e-01,-1.243689e-01,5.232778e-06,7.847429e-01,8.000000e-02,7.000000e-01
1.956522e+01,-7.993062e-01,-7.649807e-01,-1.159854e-01,5.232778e-06,7.847429e-01,8.000000e-02,7.000000e-01
1.973244e+01,-6.787662e-01,-7.431568e-01,-1.064243e-01,5.232778e-06,7.847429e-01,8.000000e-02,7.000000e-01
1.989967e+01,-8.054324e-01,-7.194450e-01,-9.549405e-02,5.232778e-06,7.847429e-01,8.000000e-02,7.000000e-01
2.006689e+01,-6.277990e-01,-6.935634e-01,-8.294989e-02,5.232778e-06,7.847429e-01,8.000000e-02,7.000000e-01
2.023411e+01,-6.639412e-01,-6.652026e-01,-6.846978e-02,5.232778e-06,7.847429e-01,8.000000e-02,7.000000e-01
2.040134e+01,-6.793182e-01,-6.340320e-01,-5.163814e-02,5.232778e-06,7.847429e-01,8.000000e-02,7.000000e-01
2.056856e+01,-6.256491e-01,-5.997049e-01,-3.191413e-02,5.232778e-06,7.847429e-01,8.000000e-02,7.000000e-01
2.073579e+01,-6.068442e-01,-5.618670e-01,-8.614440e-03,5.232778e-06,7.847429e-01,8.000000e-02,7.000000e-01
2.090301e+01,-5.357564e-01,-5.201685e-01,1.909850e-02,5.232778e-06,7.847429e-01,8.000000e-02,7.000000e-01
2.107023e+01,-4.966709e-01,-4.742752e-01,5.219064e-02,5.232778e-06,7.847429e-01,8.000000e-02,7.000000e-01
2.123746e+01,-4.874431e-01,-4.238769e-01,9.168313e-02,5.232778e-06,7.847429e-01,8.000000e-02,7.000000e-01
2.140468e+01,-4.764360e-01,-3.686838e-01,1.384880e-01,5.232778e-06,7.847429e-01,8.000000e-02,7.000000e-01
2.157191e+01,-3.249610e-01,-3.084078e-01,1.931774e-01,5.232778e-06,7.847429e-01,8.000000e-02,7.000000e-01
2.173913e+01,-3.227340e-01,-2.427068e-01,2.557318e-01,5.232778e-06,7.847429e-01,8.000000e-02,7.000000e-01
2.190635e+01,-6.964760e-02,-1.710669e-01,3.254878e-01,5.232778e-06,7.847429e-01,8.000000e-02,7.000000e-01
2.207358e+01,-1.328096e-01,-9.258539e-02,4.015955e-01,5.232778e-06,7.847429e-01,8.000000e-02,7.000000e-01
2.224080e+01,-5.916021e-02,-5.575721e-03,4.843058e-01,5.232778e-06,7.847429e-01,8.000000e-02,7.000000e-01
2.240803e+01,1.118254e-01,9.308865e-02,5.768628e-01,5.232778e-06,7.847429e-01,8.000000e-02,7.000000e-01
2.257525e+01,1.885347e-01,2.089314e-01,6.862412e-01,5.232778e-06,7.847429e-01,8.000000e-02,7.000000e-01
2.274248e+01,4.346357e-01,3.507515e-01,8.179156e-01,5.232778e-06,7.847429e-01,8.000000e-02,7.000000e-01
2.290970e+01,5.979936e-01,5.297617e-01,9.613485e-01,5.232778e-06,7.847429e-01,8.000000e-02,7.000000e-01
2.307692e+01,7.339962e-01,7.532592e-01,1.080303e+00,5.232778e-06,7.847429e-01,8.000000e-02,7.000000e-01
2.324415e+01,9.850937e-01,1.011061e+00,1.126402e+00,5.232778e-06,7.847429e-01,8.000000e-02,7.000000e-01
2.341137e+01,1.157569e+00,1.268348e+00,1.057349e+00,5.232778e-06,7.847429e-01,8.000000e-02,7.000000e-01
2.357860e+01,1.273930e+00,1.484976e+00,8.735512e-01,5.232778e-06,7.847429e-01,8.000000e-02,7.000000e-01
2.374582e+01,1.546177e+00,1.642617e+00,6.514787e-01,5.232778e-06,7.847429e-01,8.000000e-02,7.000000e-01
2.391304e+01,1.668135e+00,1.746396e+00,4.608405e-01,5.232778e-06,7.847429e-01,8.000000e-02,7.000000e-01
2.408027e+01,1.742430e+00,1.810399e+00,3.253397e-01,5.232778e-06,7.847429e-01,8.000000e-02,7.000000e-01
2.424749e+01,1.835851e+00,1.847677e+00,2.412369e-01,5.232778e-06,7.847429e-01,8.000000e-02,7.000000e-01
2.441471e+01,1.775160e+00,1.867516e+00,1.963374e-01,5.232778e-06,7.847429e-01,8.000000e-02,7.000000e-01
2.458194e+01,1.850006e+00,1.875923e+00,1.784689e-01,5.232778e-06,7.847429e-01,8.000000e-02,7.000000e-01
2.474916e+01,1.862035e+00,1.876680e+00,1.779856e-01,5.232778e-06,7.847429e-01,8.000000e-02,7.000000e-01
2.491639e+01,1.817136e+00,1.872207e+00,1.886585e-01,5.232778e-06,7.847429e-01,8.000000e-02,7.000000e-01
2.508361e+01,1.813642e+00,1.864115e+00,2.069604e-01,5.232778e-06,7.847429e-01,8.000000e-02,7.000000e-01
2.525084e+01,1.794730e+00,1.853532e+00,2.308537e-01,5.232778e-06,7.847429e-01,8.000000e-02,7.000000e-01
2.541806e+01,1.836698e+00,1.841281e+00,2.589007e-01,5.232778e-06,7.847429e-01,8.000000e-02,7.000000e-01
2.558529e+01,1.811793e+00,1.827979e+00,2.898209e-01,5.232778e-06,7.847429e-01,8.000000e-02,7.000000e-01
2.575251e+01,1.807328e+00,1.814095e+00,3.223718e-01,5.232778e-06,7.847429e-01,8.000000e-02,7.000000e-01
2.591973e+01,1.764919e+00,1.799972e+00,3.554069e-01,5.232778e-06,7.847429e-01,8.000000e-02,7.000000e-01
2.608696e+01,1.799246e+00,1.785858e+00,3.879763e-01,5.232778e-06,7.847429e-01,8.000000e-02,7.000000e-01
2.625418e+01,1.799057e+00,1.771917e+00,4.194076e-01,5.232778e-06,7.847429e-01,8.000000e-02,7.000000e-01
2.642140e+01,1.740392e+00,1.758246e+00,4.493161e-01,5.232778e-06,7.847429e-01,8.000000e-02,7.000000e-01
2.658863e+01,1.739282e+00,1.744891e+00,4.775687e-01,5.232778e-06,7.847429e-01,8.000000e-02,7.000000e-01
2.675585e+01,1.774445e+00,1.731855e+00,5.042120e-01,5.232778e-06,7.847429e-01,8.000000e-02,7.000000e-01
2.692308e+01,1.709431e+00,1.719115e+00,5.294041e-01,5.232778e-06,7.847429e-01,8.000000e-02,7.000000e-01
2.709030e+01,1.682494e+00,1.706624e+00,5.533563e-01,5.232778e-06,7.847429e-01,8.000000e-02,7.000000e-01
2.725752e+01,1.719932e+00,1.694324e+00,5.762889e-01,5.232778e-06,7.847429e-01,8.000000e-02,7.000000e-01
2.742475e+01,1.691134e+00,1.682148e+00,5.984077e-01,5.232778e-06,7.847429e-01,8.000000e-02,7.000000e-01
2.759197e+01,1.726199e+00,1.670030e+00,6.198887e-01,5.232778e-06,7.847429e-01,8.000000e-02,7.000000e-01
2.775920e+01,1.621921e+00,1.657903e+00,6.408757e-01,5.232778e-06,7.847429e-01,8.000000e-02,7.000000e-01
2.792642e+01,1.790089e+00,1.645707e+00,6.614803e-01,5.232778e-06,7.847429e-01,8.000000e-02,7.000000e-01
2.809365e+01,1.670985e+00,1.633390e+00,6.817836e-01,5.232778e-06,7.847429e-01,8.000000e-02,7.000000e-01
2.826087e+01,1.665375e+00,1.620912e+00,7.018424e-01,5.232778e-06,7.847429e-01,8.000000e-02,7.000000e-01
2.842809e+01,1.569049e+00,1.608245e+00,7.216918e-01,5.232778e-06,7.847429e-01,8.000000e-02,7.000000e-01
2.859532e+01,1.602677e+00,1.595378e+00,7.413533e-01,5.232778e-06,7.847429e-01,8.000000e-02,7.000000e-01
2.876254e+01,1.526816e+00,1.582311e+00,7.608333e-01,5.232778e-06,7.847429e-01,8.000000e-02,7.000000e-01
2.892977e+01,1.573505e+00,1.569059e+00,7.801297e-01,5.232778e-06,7.847429e-01,8.000000e-02,7.000000e-01
2.909699e+01,1.515426e+00,1.555649e+00,7.992330e-01,5.232778e-06,7.847429e-01,8.000000e-02,7.000000e-01
2.926421e+01,1.527325e+00,1.542112e+00,8.181278e-01,5.232778e-06,7.847429e-01,8.000000e-02,7.000000e-01
2.943144e+01,1.553648e+00,1.528481e+00,8.367965e-01,5.232778e-06,7.847429e-01,8.000000e-02,7.000000e-01
2.959866e+01,1.460011e+00,1.514783e+00,8.552161e-01,5.232778e-06,7.847429e-01,8.000000e-02,7.000000e-01
2.976589e+01,1.447487e+00,1.501034e+00,8.733643e-01,5.232778e-06,7.847429e-01,8.000000e-02,7.000000e-01
2.993311e+01,1.584552e+00,1.487236e+00,8.912156e-01,5.232778e-06,7.847429e-01,8.000000e-02,7.000000e-01
3.010033e+01,1.511223e+00,1.473371e+00,9.087435e-01,5.232778e-06,7.847429e-01,8.000000e-02,7.000000e-01
3.026756e+01,1.493799e+00,1.459399e+00,9.259227e-01,5.232778e-06,7.847429e-01,8.000000e-02,7.000000e-01
3.043478e+01,1.526553e+00,1.445262e+00,9.427265e-01,5.232778e-06,7.847429e-01,8.000000e-02,7.000000e-01
3.060201e+01,1.448121e+00,1.430882e+00,9.591286e-01,5.232778e-06,7.847429e-01,8.000000e-02,7.000000e-01
3.076923e+01,1.520926e+00,1.416171e+00,9.751034e-01,5.232778e-06,7.847429e-01,8.000000e-02,7.000000e-01
3.093645e+01,1.350250e+00,1.401030e+00,9.906257e-01,5.232778e-06,7.847429e-01,8.000000e-02,7.000000e-01
3.110368e+01,1.454967e+00,1.385361e+00,1.005673e+00,5.232778e-06,7.847429e-01,8.000000e-02,7.000000e-01
3.127090e+01,1.311574e+00,1.369072e+00,1.020222e+00,5.232778e-06,7.847429e-01,8.000000e-02,7.000000e-01
3.143813e+01,1.264924e+00,1.352088e+00,1.034252e+00,5.232778e-06,7.847429e-01,8.000000e-02,7.000000e-01
3.160535e+01,1.331880e+00,1.334357e+00,1.047745e+00,5.232778e-06,7.847429e-01,8.000000e-02,7.000000e-01
3.177258e+01,1.324958e+00,1.315859e+00,1.060684e+00,5.232778e-06,7.847429e-01,8.000000e-02,7.000000e-01
3.193980e+01,1.293970e+00,1.296610e+00,1.073051e+00,5.232778e-06,7.847429e-01,8.000000e-02,7.000000e-01
3.210703e+01,1.303224e+00,1.276662e+00,1.084834e+00,5.232778e-06,7.847429e-01,8.000000e-02,7.000000e-01
3.227425e+01,1.265412e+00,1.256102e+00,1.096018e+00,5.232778e-06,7.847429e-01,8.000000e-02,7.000000e-01
3.244147e+01,1.279511e+00,1.235037e+00,1.106590e+00,5.232778e-06,7.847429e-01,8.000000e-02,7.000000e-01
3.260870e+01,1.169067e+00,1.213591e+00,1.116534e+00,5.232778e-06,7.847429e-01,8.000000e-02,7.000000e-01
3.277592e+01,1.107242e+00,1.191877e+00,1.125832e+00,5.232778e-06,7.847429e-01,8.000000e-02,7.000000e-01
3.294315e+01,1.188640e+00,1.169991e+00,1.134460e+00,5.232778e-06,7.847429e-01,8.000000e-02,7.000000e-01
3.311037e+01,1.249364e+00,1.147995e+00,1.142388e+00,5.232778e-06,7.847429e-01,8.000000e-02,7.000000e-01
3.327759e+01,1.133762e+00,1.125903e+00,1.149573e+00,5.232778e-06,7.847429e-01,8.000000e-02,7.000000e-01
3.344482e+01,1.152948e+00,1.103680e+00,1.155957e+00,5.232778e-06,7.847429e-01,8.000000e-02,7.000000e-01
3.361204e+01,1.019374e+00,1.081239e+00,1.161461e+00,5.232778e-06,7.847429e-01,8.000000e-02,7.000000e-01
3.377926e+01,1.058434e+00,1.058434e+00,1.165980e+00,5.232778e-06,7.847429e-01,8.000000e-02,7.000000e-01
3.394649e+01,1.000627e+00,1.035072e+00,1.169376e+00,5.232778e-06,7.847429e-01,8.000000e-02,7.000000e-01
3.411371e+01,1.016120e+00,1.010905e+00,1.171475e+00,5.232778e-06,7.847429e-01,8.000000e-02,7.000000e-01
3.428094e+01,9.581873e-01,9.856379e-01,1.172058e+00,5.232778e-06,7.847429e-01,8.000000e-02,7.000000e-01
3.444816e+01,9.077513e-01,9.589229e-01,1.170866e+00,5.232778e-06,7.847429e-01,8.000000e-02,7.000000e-01
3.461538e+01,8.999693e-01,9.303600e-01,1.167610e+00,5.232778e-06,7.847429e-01,8.000000e-02,7.000000e-01
3.478261e+01,8.287684e-01,8.994887e-01,1.161978e+00,5.232778e-06,7.847429e-01,8.000000e-02,7.000000e-01
3.494983e+01,8.857393e-01,8.657817e-01,1.153656e+00,5.232778e-06,7.847429e-01,8.000000e-02,7.000000e-01
3.511706e+01,8.174887e-01,8.286263e-01,1.142316e+00,5.232778e-06,7.847429e-01,8.000000e-02,7.000000e-01
3.528428e+01,7.207217e-01,7.872950e-01,1.127555e+00,5.232778e-06,7.847429e-01,8.000000e-02,7.000000e-01
3.545150e+01,7.034107e-01,7.408919e-01,1.108719e+00,5.232778e-06,7.847429e-01,8.000000e-02,7.000000e-01
3.561873e+01,6.415399e-01,6.882637e-01,1.084570e+00,5.232778e-06,7.847429e-01,8.000000e-02,7.000000e-01
3.578595e+01,6.589369e-01,6.278902e-01,1.052844e+00,5.232778e-06,7.847429e-01,8.000000e-02,7.000000e-01
3.595318e+01,5.565415e-01,5.577750e-01,1.009889e+00,5.232778e-06,7.847429e-01,8.000000e-02,7.000000e-01
3.612040e+01,4.377148e-01,4.754971e-01,9.509143e-01,5.232778e-06,7.847429e-01,8.000000e-02,7.000000e-01
3.628762e+01,4.463274e-01,3.786835e-01,8.715970e-01,5.232778e-06,7.847429e-01,8.000000e-02,7.000000e-01
3.645485e+01,2.512104e-01,2.661723e-01,7.708530e-01,5.232778e-06,7.847429e-01,8.000000e-02,7.000000e-01
3.662207e+01,2.520657e-01,1.395039e-01,6.520064e-01,5.232778e-06,7.847429e-01,8.000000e-02,7.000000e-01
3.678930e+01,3.547591e-02,2.560432e-03,5.189685e-01,5.232778e-06,7.847429e-01,8.000000e-02,7.000000e-01
3.695652e+01,-1.296750e-01,-1.455482e-01,3.711469e-01,5.232778e-06,7.847429e-01,8.000000e-02,7.000000e-01
3.712374e+01,-2.994019e-01,-3.254861e-01,2.082451e-01,5.232778e-06,7.847429e-01,8.000000e-02,7.000000e-01
3.729097e+01,-4.724305e-01,-5.393341e-01,4.593490e-02,5.232778e-06,7.847429e-01,8.000000e-02,7.000000e-01
3.745819e+01,-7.330963e-01,-7.102342e-01,-8.092870e-02,5.232778e-06,7.847429e-01,8.000000e-02,7.000000e-01
3.762542e+01,-9.098097e-01,-8.519341e-01,-1.392449e-01,5.232778e-06,7.847429e-01,8.000000e-02,7.000000e-01
3.779264e+01,-1.180354e+00,-1.069093e+00,-1.094103e-01,5.232778e-06,7.847429e-01,8.000000e-02,7.000000e-01
3.795987e+01,-1.458590e+00,-1.355974e+00,2.024532e-02,5.232778e-06,7.847429e-01,8.000000e-02,7.000000e-01
3.812709e+01,-1.657090e+00,-1.569669e+00,2.318272e-01,5.232778e-06,7.847429e-01,8.000000e-02,7.000000e-01
3.829432e+01,-1.786151e+00,-1.707200e+00,4.654558e-01,5.232778e-06,7.847429e-01,8.000000e-02,7.000000e-01
3.846154e+01,-1.869421e+00,-1.812433e+00,6.867578e-01,5.232778e-06,7.847429e-01,8.000000e-02,7.000000e-01
3.862876e+01,-1.908898e+00,-1.898036e+00,8.917809e-01,5.232778e-06,7.847429e-01,8.000000e-02,7.000000e-01
3.879599e+01,-1.968966e+00,-1.962286e+00,1.065045e+00,5.232778e-06,7.847429e-01,8.000000e-02,7.000000e-01
3.896321e+01,-1.987584e+00,-2.004555e+00,1.186596e+00,5.232778e-06,7.847429e-01,8.000000e-02,7.000000e-01
3.913044e+01,-1.811217e+00,-2.027446e+00,1.252357e+00,5.232778e-06,7.847429e-01,8.000000e-02,7.000000e-01
3.929766e+01,-1.987403e+00,-2.035006e+00,1.271998e+00,5.232778e-06,7.847429e-01,8.000000e-02,7.000000e-01
3.946488e+01,-1.964736e+00,-2.031236e+00,1.258255e+00,5.232778e-06,7.847429e-01,8.000000e-02,7.000000e-01
3.963211e+01,-1.962083e+00,-2.019574e+00,1.222027e+00,5.232778e-06,7.847429e-01,8.000000e-02,7.000000e-01
3.979933e+01,-1.927229e+00,-2.002867e+00,1.171995e+00,5.232778e-06,7.847429e-01,8.000000e-02,7.000000e-01
3.996656e+01,-1.936572e+00,-1.983439e+00,1.115119e+00,5.232778e-06,7.847429e-01,8.000000e-02,7.000000e-01
4.013378e+01,-2.003989e+00,-1.963095e+00,1.056805e+00,5.232778e-06,7.847429e-01,8.000000e-02,7.000000e-01
4.030100e+01,-1.918825e+00,-1.943116e+00,1.000829e+00,5.232778e-06,7.847429e-01,8.000000e-02,7.000000e-01
4.046823e+01,-1.949088e+00,-1.924301e+00,9.493898e-01,5.232778e-06,7.847429e-01,8.000000e-02,7.000000e-01
4.063545e+01,-1.967516e+00,-1.907048e+00,9.033788e-01,5.232778e-06,7.847429e-01,8.000000e-02,7.000000e-01
4.080268e+01,-1.886423e+00,-1.891470e+00,8.628061e-01,5.232778e-06,7.847429e-01,8.000000e-02,7.000000e-01
4.096990e+01,-1.865158e+00,-1.877499e+00,8.271813e-01,5.232778e-06,7.847429e-01,8.000000e-02,7.000000e-01
4.113712e+01,-1.871059e+00,-1.864974e+00,7.958170e-01,5.232778e-06,7.847429e-01,8.000000e-02,7.000000e-01
4.130435e+01,-1.932253e+00,-1.853692e+00,7.680026e-01,5.232778e-06,7.847429e-01,8.000000e-02,7.000000e-01
4.147157e+01,-1.790243e+00,-1.843444e+00,7.430933e-01,5.232778e-06,7.847429e-01,8.000000e-02,7.000000e-01
4.163880e+01,-1.954661e+00,-1.834040e+00,7.205389e-01,5.232778e-06,7.847429e-01,8.000000e-02,7.000000e-01
4.180602e+01,-1.931474e+00,-1.825306e+00,6.998848e-01,5.232778e-06,7.847429e-01,8.000000e-02,7.000000e-01
4.197324e+01,-1.741136e+00,-1.817096e+00,6.807579e-01,5.232778e-06,7.847429e-01,8.000000e-02,7.000000e-01
4.214047e+01,-1.816077e+00,-1.809288e+00,6.628534e-01,5.232778e-06,7.847429e-01,8.000000e-02,7.000000e-01
4.230769e+01,-1.668044e+00,-1.801777e+00,6.459177e-01,5.232778e-06,7.847429e-01,8.000000e-02,7.000000e-01
4.247491e+01,-1.811307e+00,-1.794480e+00,6.297407e-01,5.232778e-06,7.847429e-01,8.000000e-02,7.000000e-01
4.264214e+01,-1.786221e+00,-1.787326e+00,6.141396e-01,5.232778e-06,7.847429e-01,8.000000e-02,7.000000e-01
4.280936e+01,-1.777375e+00,-1.780257e+00,5.989630e-01,5.232778e-06,7.847429e-01,8.000000e-02,7.000000e-01
4.297659e+01,-1.750174e+00,-1.773225e+00,5.840786e-01,5.232778e-06,7.847429e-01,8.000000e-02,7.000000e-01
4.314381e+01,-1.780907e+00,-1.766192e+00,5.693750e-01,5.232778e-06,7.847429e-01,8.000000e-02,7.000000e-01
4.331104e+01,-1.820262e+00,-1.759122e+00,5.547579e-01,5.232778e-06,7.847429e-01,8.000000e-02,7.000000e-01
4.347826e+01,-1.794030e+00,-1.751989e+00,5.401500e-01,5.232778e-06,7.847429e-01,8.000000e-02,7.000000e-01
4.364548e+01,-1.822581e+00,-1.744769e+00,5.254897e-01,5.232778e-06,7.847429e-01,8.000000e-02,7.000000e-01
4.381271e+01,-1.677588e+00,-1.737442e+00,5.107288e-01,5.232778e-06,7.847429e-01,8.000000e-02,7.000000e-01
4.397993e+01,-1.764518e+00,-1.729991e+00,4.958343e-01,5.232778e-06,7.847429e-01,8.000000e-02,7.000000e-01
4.414716e+01,-1.698500e+00,-1.722403e+00,4.807850e-01,5.232778e-06,7.847429e-01,8.000000e-02,7.000000e-01
4.431438e+01,-1.699285e+00,-1.714665e+00,4.655705e-01,5.232778e-06,7.847429e-01,8.000000e-02,7.000000e-01
4.448161e+01,-1.748489e+00,-1.706768e+00,4.501900e-01,5.232778e-06,7.847429e-01,8.000000e-02,7.000000e-01
4.464883e+01,-1.694154e+00,-1.698705e+00,4.346531e-01,5.232778e-06,7.847429e-01,8.000000e-02,7.000000e-01
4.481606e+01,-1.725216e+00,-1.690470e+00,4.189745e-01,5.232778e-06,7.847429e-01,8.000000e-02,7.000000e-01
4.498328e+01,-1.667576e+00,-1.682060e+00,4.031773e-01,5.232778e-06,7.847429e-01,8.000000e-02,7.000000e-01
4.515050e+01,-1.783180e+00,-1.673473e+00,3.872863e-01,5.232778e-06,7.847429e-01,8.000000e-02,7.000000e-01
4.531773e+01,-1.638265e+00,-1.664708e+00,3.713321e-01,5.232778e-06,7.847429e-01,8.000000e-02,7.000000e-01
4.548495e+01,-1.589696e+00,-1.655768e+00,3.553472e-01,5.232778e-06,7.847429e-01,8.000000e-02,7.000000e-01
4.565217e+01,-1.583610e+00,-1.646655e+00,3.393664e-01,5.232778e-06,7.847429e-01,8.000000e-02,7.000000e-01
4.581940e+01,-1.605216e+00,-1.637374e+00,3.234225e-01,5.232778e-06,7.847429e-01,8.000000e-02,7.000000e-01
4.598662e+01,-1.581269e+00,-1.627932e+00,3.075498e-01,5.232778e-06,7.847429e-01,8.000000e-02,7.000000e-01
4.615385e+01,-1.652290e+00,-1.618337e+00,2.917826e-01,5.232778e-06,7.847429e-01,8.000000e-02,7.000000e-01
4.632107e+01,-1.625676e+00,-1.608599e+00,2.761528e-01,5.232778e-06,7.847429e-01,8.000000e-02,7.000000e-01
4.648829e+01,-1.583531e+00,-1.598729e+00,2.606905e-01,5.232778e-06,7.847429e-01,8.000000e-02,7.000000e-01
4.665552e+01,-1.556044e+00,-1.588740e+00,2.454222e-01,5.232778e-06,7.847429e-01,8.000000e-02,7.000000e-01
4.682274e+01,-1.521689e+00,-1.578647e+00,2.303756e-01,5.232778e-06,7.847429e-01,8.000000e-02,7.000000e-01
4.698997e+01,-1.604770e+00,-1.568465e+00,2.155713e-01,5.232778e-06,7.847429e-01,8.000000e-02,7.000000e-01
4.715719e+01,-1.562681e+00,-1.558214e+00,2.010325e-01,5.232778e-06,7.847429e-01,8.000000e-02,7.000000e-01
4.732441e+01,-1.502240e+00,-1.547909e+00,1.867755e-01,5.232778e-06,7.847429e-01,8.000000e-02,7.000000e-01
4.749164e+01,-1.516072e+00,-1.537573e+00,1.728158e-01,5.232778e-06,7.847429e-01,8.000000e-02,7.000000e-01
4.765886e+01,-1.561787e+00,-1.527225e+00,1.591663e-01,5.232778e-06,7.847429e-01,8.000000e-02,7.000000e-01
4.782609e+01,-1.513438e+00,-1.516886e+00,1.458374e-01,5.232778e-06,7.847429e-01,8.000000e-02,7.000000e-01
4.799331e+01,-1.547879e+00,-1.506579e+00,1.328368e-01,5.232778e-06,7.847429e-01,8.000000e-02,7.000000e-01
4.816053e+01,-1.404925e+00,-1.496325e+00,1.201714e-01,5.232778e-06,7.847429e-01,8.000000e-02,7.000000e-01
4.832776e+01,-1.455345e+00,-1.486144e+00,1.078439e-01,5.232778e-06,7.847429e-01,8.000000e-02,7.000000e-01
4.849498e+01,-1.516576e+00,-1.476056e+00,9.585755e-02,5.232778e-06,7.847429e-01,8.000000e-02,7.000000e-01
4.866221e+01,-1.460326e+00,-1.466081e+00,8.421241e-02,5.232778e-06,7.847429e-01,8.000000e-02,7.000000e-01
4.882943e+01,-1.457474e+00,-1.456234e+00,7.290779e-02,5.232778e-06,7.847429e-01,8.000000e-02,7.000000e-01
4.899665e+01,-1.503957e+00,-1.446532e+00,6.194095e-02,5.232778e-06,7.847429e-01,8.000000e-02,7.000000e-01
4.916388e+01,-1.396964e+00,-1.436985e+00,5.130915e-02,5.232778e-06,7.847429e-01,8.000000e-02,7.000000e-01
4.933110e+01,-1.447994e+00,-1.427604e+00,4.100720e-02,5.232778e-06,7.847429e-01,8.000000e-02,7.000000e-01
4.949833e+01,-1.453546e+00,-1.418395e+00,3.103123e-02,5.232778e-06,7.847429e-01,8.000000e-02,7.000000e-01
4.966555e+01,-1.424739e+00,-1.409363e+00,2.137409e-02,5.232778e-06,7.847429e-01,8.000000e-02,7.000000e-01
4.983278e+01,-1.440720e+00,-1.400509e+00,1.202951e-02,5.232778e-06,7.847429e-01,8.000000e-02,7.000000e-01
5.000000e+01,-1.448293e+00,-1.391830e+00,2.990346e-03,5.232778e-06,7.847429e-01,8.000000e-02,7.000000e-01
