epoch,loss,loss/bc_left,loss/bc_right,loss/data,loss/ic,loss/nu,loss/pde_residual,lr,step
,,,,,,,,0.001,0
0,0.5932642221450806,0.0544448122382164,0.04444292187690735,0.06667686998844147,0.22685590386390686,0.013251961208879948,0.2008441835641861,,1249
,,,,,,,,0.001,1250
1,0.08368587493896484,0.006610185839235783,0.005589075852185488,0.012707889080047607,0.02328258566558361,0.007774311117827892,0.03549625724554062,,2499
,,,,,,,,0.001,2500
2,0.05840753763914108,0.0036728018894791603,0.003719629719853401,0.009499507956206799,0.01812037266790867,0.0010893127182498574,0.023395229130983353,,3749
,,,,,,,,0.001,3750
3,0.05413740128278732,0.002923182910308242,0.002958402968943119,0.010243939235806465,0.01748049259185791,0.0006476222770288587,0.020531324669718742,,4999
,,,,,,,,0.001,5000
4,0.04521379992365837,0.00253546261228621,0.0024044872261583805,0.007798377890139818,0.014121457003057003,0.00047686375910416245,0.018354002386331558,,6249
,,,,,,,,0.001,6250
5,0.04543621838092804,0.002191690029576421,0.0019427009392529726,0.009028410539031029,0.01257406361401081,0.0003960850590374321,0.019699368625879288,,7499
,,,,,,,,0.001,7500
6,0.04050527140498161,0.0021670113783329725,0.001798465964384377,0.007084401790052652,0.01169031672179699,0.00034452020190656185,0.017765024676918983,,8749
,,,,,,,,0.001,8750
7,0.04035162180662155,0.0019102571532130241,0.0016842435579746962,0.007111131213605404,0.011762527748942375,0.0003043741453438997,0.017883488908410072,,9999
,,,,,,,,0.001,10000
8,0.04447046294808388,0.0020499590318650007,0.0017203603638336062,0.008856543339788914,0.013041104190051556,0.00028351176297292113,0.01880250684916973,,11249
,,,,,,,,0.001,11250
9,0.04768121615052223,0.002170778810977936,0.002003285102546215,0.012127122841775417,0.012305807322263718,0.000251987628871575,0.01907418668270111,,12499
,,,,,,,,0.001,12500
10,0.03719316050410271,0.0016717937542125583,0.0015188531251624227,0.006888350006192923,0.010204245336353779,0.00023010851873550564,0.016909906640648842,,13749
,,,,,,,,0.001,13750
11,0.04073543846607208,0.002179191680625081,0.0018761761020869017,0.007392656058073044,0.011006838642060757,0.00022139189240988344,0.018280576914548874,,14999
,,,,,,,,0.001,15000
12,0.03980713337659836,0.002198337810114026,0.0019460178446024656,0.0074937231838703156,0.010466105304658413,0.0002176475536543876,0.01770298182964325,,16249
,,,,,,,,0.001,16250
13,0.04436440020799637,0.0017528095049783587,0.001926533179357648,0.011713771149516106,0.010549907572567463,0.00019730876374524087,0.018421407788991928,,17499
,,,,,,,,0.001,17500
14,0.03648731857538223,0.0016736401012167335,0.0016706653404980898,0.00706111965700984,0.009532453492283821,0.00018170475959777832,0.01654943823814392,,18749
,,,,,,,,0.001,18750
15,0.04163103550672531,0.001878098351880908,0.0017921801190823317,0.011149581521749496,0.009874348528683186,0.00017005942936521024,0.016936805099248886,,19999
,,,,,,,,0.001,20000
16,0.036160241812467575,0.0019558940548449755,0.0016598232323303819,0.006823277100920677,0.009182021953165531,0.0001638316607568413,0.016539277508854866,,21249
,,,,,,,,0.001,21250
17,0.04178282618522644,0.0018357286462560296,0.0017533147474750876,0.01099037192761898,0.010191674344241619,0.00015775497013237327,0.017011716961860657,,22499
,,,,,,,,0.001,22500
18,0.033309463411569595,0.0013477593893185258,0.00139223865699023,0.006970465183258057,0.007833616808056831,0.00015211253776215017,0.015765387564897537,,23749
,,,,,,,,0.001,23750
19,0.036783114075660706,0.001633565523661673,0.0015821087872609496,0.007795479614287615,0.010256865993142128,0.00014627471682615578,0.015515055507421494,,24999
,,,,,,,,0.001,25000
20,0.03574506565928459,0.001528172753751278,0.001469314331188798,0.010548708029091358,0.008158884011209011,0.00014000842929817736,0.014039970003068447,,26249
,,,,,,,,0.001,26250
21,0.03640676289796829,0.0018101043533533812,0.001702780369669199,0.006950302980840206,0.008933592587709427,0.00014079957327339798,0.017009975388646126,,27499
,,,,,,,,0.001,27500
22,0.031275585293769836,0.0014868414727970958,0.0014570287894457579,0.006902037188410759,0.0073992181569337845,0.00013805352500639856,0.014030523598194122,,28749
,,,,,,,,0.001,28750
23,0.0391881987452507,0.0016460991464555264,0.0015383404679596424,0.009155021980404854,0.010276002809405327,0.00013264705194160342,0.016572702676057816,,29999
,,,,,,,,0.001,30000
24,0.04722319915890694,0.0017778553301468492,0.0017001449596136808,0.014490087516605854,0.0120027931407094,0.00012533040717244148,0.01725229062139988,,31249
,,,,,,,,0.001,31250
25,0.042465176433324814,0.0014996577519923449,0.0016114639583975077,0.011508431285619736,0.010407171212136745,0.00012323076953180134,0.017438512295484543,,32499
,,,,,,,,0.001,32500
26,0.03427797928452492,0.0019743444863706827,0.0014935829676687717,0.009282628074288368,0.007555021438747644,0.00012298957153689116,0.013972384855151176,,33749
,,,,,,,,0.001,33750
27,0.033596254885196686,0.0014651732053607702,0.001422738190740347,0.007931175641715527,0.007932404056191444,0.0001236694515682757,0.014844786375761032,,34999
,,,,,,,,0.001,35000
28,0.0405052974820137,0.0021520406007766724,0.0023181517608463764,0.010350560769438744,0.010043631307780743,0.00012288930884096771,0.015640955418348312,,36249
,,,,,,,,0.001,36250
29,0.035537127405405045,0.0015125647187232971,0.0013389216037467122,0.008553355000913143,0.008515520952641964,0.00011818284838227555,0.015616748481988907,,37499
,,,,,,,,0.001,37500
30,0.03905656933784485,0.0018997194711118937,0.0017570938216522336,0.011268477886915207,0.008097423240542412,0.00010982906678691506,0.016033850610256195,,38749
,,,,,,,,0.001,38750
31,0.03286237642168999,0.0015967676881700754,0.0015355796786025167,0.008810058236122131,0.007478579878807068,0.00010755113180493936,0.013441345654428005,,39999
,,,,,,,,0.001,40000
32,0.03253115713596344,0.001540748169645667,0.0016305368626490235,0.008637160994112492,0.006813426036387682,0.00010466833191458136,0.01390926819294691,,41249
,,,,,,,,0.001,41250
33,0.028550323098897934,0.0012152588460594416,0.001409556600265205,0.005811006762087345,0.007219431921839714,0.00010542674135649577,0.012895086780190468,,42499
,,,,,,,,0.001,42500
34,0.034158118069171906,0.0014688876690343022,0.0015822281129658222,0.009395737200975418,0.008184708654880524,0.00010179039236390963,0.013526581227779388,,43749
,,,,,,,,0.001,43750
35,0.027528461068868637,0.0012660829816013575,0.0012697740457952023,0.005683504976332188,0.006633429788053036,9.446704643778503e-05,0.0126756951212883,,44999
,,,,,,,,0.001,45000
36,0.039934638887643814,0.001449521048925817,0.001604732358828187,0.010770689696073532,0.009780378080904484,9.271057933801785e-05,0.016329322010278702,,46249
,,,,,,,,0.001,46250
37,0.03046676330268383,0.0012693951139226556,0.0012605044757947326,0.006138192489743233,0.007287214510142803,9.292730828747153e-05,0.014511488378047943,,47499
,,,,,,,,0.001,47500
38,0.032098736613988876,0.001706971786916256,0.0016607147408649325,0.00901712290942669,0.00709532992914319,8.919586980482563e-05,0.01261857245117426,,48749
,,,,,,,,0.001,48750
39,0.030148256570100784,0.001247077016159892,0.001196505967527628,0.0058035156689584255,0.006919133011251688,8.862507092999294e-05,0.01498204842209816,,49999
,,,,,,,,0.001,50000
40,0.03771018981933594,0.0015311185270547867,0.0016786125488579273,0.009008372202515602,0.007502836640924215,9.25783533602953e-05,0.01798924244940281,,51249
,,,,,,,,0.001,51250
41,0.029967937618494034,0.0015713045140728354,0.0014166842447593808,0.007623446639627218,0.006963331717997789,8.702695777174085e-05,0.012393146753311157,,52499
,,,,,,,,0.001,52500
42,0.034182529896497726,0.0015048347413539886,0.0013384867925196886,0.00916648656129837,0.0077429357916116714,8.461533434456214e-05,0.014429766684770584,,53749
,,,,,,,,0.001,53750
43,0.030180417001247406,0.0014284685021266341,0.0013547278940677643,0.006242378614842892,0.007055764086544514,7.961370283737779e-05,0.014099097810685635,,54999
,,,,,,,,0.001,55000
44,0.03520974889397621,0.00161964341532439,0.0018968473887071013,0.009256563149392605,0.006947583984583616,8.027197327464819e-05,0.015489117242395878,,56249
,,,,,,,,0.001,56250
45,0.033963270485401154,0.0014907435979694128,0.0015330107416957617,0.008010183461010456,0.006878159940242767,8.015611820155755e-05,0.01605117879807949,,57499
,,,,,,,,0.001,57500
46,0.029212765395641327,0.001266891835257411,0.0014334986917674541,0.006199299357831478,0.006624845787882805,7.463065412594005e-05,0.013688241131603718,,58749
,,,,,,,,0.001,58750
47,0.029264960438013077,0.0011584709864109755,0.0011614527320489287,0.007081584073603153,0.006566738709807396,7.282576552825049e-05,0.013296734541654587,,59999
,,,,,,,,0.001,60000
48,0.03145027160644531,0.0013516047038137913,0.0015391610795632005,0.008266795426607132,0.0062856473959982395,7.298082346096635e-05,0.014007038436830044,,61249
,,,,,,,,0.001,61250
49,0.032919298857450485,0.001432083430700004,0.0014715160941705108,0.008010203950107098,0.007400193717330694,7.150390592869371e-05,0.014605313539505005,,62499
,,,,,,,,0.001,62500
50,0.03391340747475624,0.0013756497064605355,0.0015979100717231631,0.009961925446987152,0.006782380864024162,7.200828258646652e-05,0.014195538125932217,,63749
,,,,,,,,0.001,63750
51,0.02882450260221958,0.0012463638558983803,0.0014844308607280254,0.0072999135591089725,0.006523243151605129,6.846086762379855e-05,0.012270537205040455,,64999
,,,,,,,,0.001,65000
52,0.02718297764658928,0.0011268823873251677,0.0010046514216810465,0.007810057140886784,0.005692284554243088,6.66621417622082e-05,0.011549110524356365,,66249
,,,,,,,,0.001,66250
53,0.027634533122181892,0.0014592311345040798,0.0015120180323719978,0.00698591023683548,0.0051198177970945835,6.688325083814561e-05,0.012557517737150192,,67499
,,,,,,,,0.001,67500
54,0.03519308939576149,0.0014908254379406571,0.0015090418746694922,0.008492236956954002,0.007374652195721865,6.399276753654703e-05,0.016326313838362694,,68749
,,,,,,,,0.001,68750
55,0.04116073250770569,0.001827579690143466,0.0019353039097040892,0.010118702426552773,0.01083937007933855,6.516434223158285e-05,0.016439788043498993,,69999
,,,,,,,,0.001,70000
56,0.028455069288611412,0.001291872700676322,0.0013341722078621387,0.00848214142024517,0.005753598641604185,6.322474655462429e-05,0.0115932896733284,,71249
,,,,,,,,0.001,71250
57,0.029743291437625885,0.0011054215719923377,0.001471254974603653,0.007034276612102985,0.007094238884747028,6.188901897985488e-05,0.013038087636232376,,72499
,,,,,,,,0.001,72500
58,0.027555273845791817,0.001292112865485251,0.001500059850513935,0.006769966334104538,0.0049490793608129025,6.487040809588507e-05,0.013044042512774467,,73749
,,,,,,,,0.001,73750
59,0.03842589259147644,0.002016880316659808,0.002034315373748541,0.010478008538484573,0.00775562459602952,6.558313179994002e-05,0.016141032800078392,,74999
,,,,,,,,0.001,75000
60,0.03293131664395332,0.0013594103511422873,0.0015165868680924177,0.007320697885006666,0.005785361863672733,6.658058555331081e-05,0.016949262470006943,,76249
,,,,,,,,0.001,76250
61,0.029939791187644005,0.0015844497829675674,0.0015213449951261282,0.008748126216232777,0.005635225214064121,6.348673196043819e-05,0.012450634501874447,,77499
,,,,,,,,0.001,77500
62,0.030867421999573708,0.0016164550324901938,0.0015025980537757277,0.008066190406680107,0.0065756263211369514,6.199053314048797e-05,0.013106529600918293,,78749
,,,,,,,,0.001,78750
63,0.026539742946624756,0.0013613036135211587,0.0012252291198819876,0.006407866720110178,0.00549316918477416,5.9547030105022714e-05,0.012052200734615326,,79999
,,,,,,,,0.001,80000
64,0.029834069311618805,0.001322003430686891,0.0013480023480951786,0.006871322635561228,0.0056533184833824635,6.1020851717330515e-05,0.014639393426477909,,81249
,,,,,,,,0.001,81250
65,0.029688898473978043,0.00130253448151052,0.0012642708607017994,0.009165005758404732,0.0060922522097826,5.8837216784013435e-05,0.011864839121699333,,82499
,,,,,,,,0.001,82500
66,0.03239944577217102,0.0012363024288788438,0.0013647888554260135,0.008373050019145012,0.006016496568918228,5.9086734836455435e-05,0.015408805571496487,,83749
,,,,,,,,0.001,83750
67,0.02901977300643921,0.0012360671535134315,0.001124387956224382,0.008286279626190662,0.005911746062338352,5.797777703264728e-05,0.012461270205676556,,84999
,,,,,,,,0.001,85000
68,0.03041491098701954,0.0012906994670629501,0.0011745140654966235,0.009478469379246235,0.006086102686822414,5.460830288939178e-05,0.012385115958750248,,86249
,,,,,,,,0.001,86250
69,0.027864249423146248,0.00110946549102664,0.0012789907632395625,0.007436131127178669,0.0057916296645998955,5.315802263794467e-05,0.01224802527576685,,87499
,,,,,,,,0.001,87500
70,0.027896158397197723,0.0013440309558063745,0.0012515875278040767,0.00684825424104929,0.005852940492331982,5.390444857766852e-05,0.012599333189427853,,88749
,,,,,,,,0.001,88750
71,0.026154538616538048,0.001384567585773766,0.0011715359287336469,0.006443611346185207,0.005007580388337374,5.5702435929561034e-05,0.012147270143032074,,89999
,,,,,,,,0.001,90000
72,0.030097128823399544,0.001217901473864913,0.0012974636629223824,0.008413747884333134,0.0055650388821959496,5.2852468797937036e-05,0.013602985069155693,,91249
,,,,,,,,0.001,91250
73,0.03167620673775673,0.0013048815308138728,0.0011757552856579423,0.006397751159965992,0.006578349974006414,5.218663136474788e-05,0.016219472512602806,,92499
,,,,,,,,0.001,92500
74,0.02989882417023182,0.0012008813209831715,0.0012884991010650992,0.008747218176722527,0.005985402502119541,5.3048646805109456e-05,0.012676810845732689,,93749
,,,,,,,,0.001,93750
75,0.029871508479118347,0.001203177496790886,0.001232909969985485,0.008040675893425941,0.005893688648939133,5.355244138627313e-05,0.013501022011041641,,94999
,,,,,,,,0.001,95000
76,0.029912954196333885,0.0012945556081831455,0.0011197879211977124,0.008963159285485744,0.005997901316732168,5.260738907963969e-05,0.012537522241473198,,96249
,,,,,,,,0.001,96250
77,0.027237635105848312,0.0013533352175727487,0.0011653815163299441,0.006911786738783121,0.00485440157353878,5.237261575530283e-05,0.012952743098139763,,97499
,,,,,,,,0.001,97500
78,0.03224954754114151,0.001479913480579853,0.0013367477804422379,0.008777217008173466,0.006067086011171341,5.16252766828984e-05,0.01458860281854868,,98749
,,,,,,,,0.001,98750
79,0.03356807678937912,0.0011926991865038872,0.0012545476201921701,0.009338701143860817,0.006850631907582283,5.221923129283823e-05,0.014931494370102882,,99999
,,,,,,,,0.001,100000
80,0.02890274114906788,0.0011788144474849105,0.0010514103341847658,0.006747396197170019,0.0059826490469276905,4.919336788589135e-05,0.013942472636699677,,101249
,,,,,,,,0.001,101250
81,0.03414406254887581,0.0015652840957045555,0.001445368048734963,0.010173170827329159,0.006174044217914343,4.7621400881325826e-05,0.014786201529204845,,102499
,,,,,,,,0.001,102500
82,0.031048256903886795,0.0012641536304727197,0.0013533018063753843,0.006152319256216288,0.006536586210131645,5.388260615291074e-05,0.01574191451072693,,103749
,,,,,,,,0.001,103750
83,0.03297104313969612,0.0013161110691726208,0.0012742883991450071,0.009695712476968765,0.006168454885482788,4.9739952373784035e-05,0.014516493305563927,,104999
,,,,,,,,0.001,105000
84,0.027204729616642,0.0010945083340629935,0.0009006491745822132,0.008025044575333595,0.005089172162115574,4.829688259633258e-05,0.012095354497432709,,106249
,,,,,,,,0.001,106250
85,0.034965068101882935,0.001411508652381599,0.0014578212285414338,0.007871772162616253,0.006517490372061729,4.790863022208214e-05,0.01770651899278164,,107499
,,,,,,,,0.001,107500
86,0.029523782432079315,0.001041991519741714,0.0010659515392035246,0.006893045734614134,0.006469003390520811,4.885565067525022e-05,0.014053767547011375,,108749
,,,,,,,,0.001,108750
87,0.031831059604883194,0.0013811603421345353,0.0012695533223450184,0.00869403313845396,0.00664870161563158,5.001808312954381e-05,0.013837582431733608,,109999
,,,,,,,,0.001,110000
88,0.028531445190310478,0.0010638986714184284,0.0013282473664730787,0.007938363589346409,0.005661121569573879,4.63379365100991e-05,0.012539812363684177,,111249
,,,,,,,,0.001,111250
89,0.030285537242889404,0.0013515099417418242,0.0013169104931876063,0.007547777611762285,0.006067771464586258,4.661430648411624e-05,0.014001562260091305,,112499
,,,,,,,,0.001,112500
90,0.0348365493118763,0.0010632647899910808,0.001097920467145741,0.010005692020058632,0.007934079505503178,4.435624578036368e-05,0.014735580421984196,,113749
,,,,,,,,0.001,113750
91,0.030774792656302452,0.0010333404643461108,0.0012573587009683251,0.007774977013468742,0.005858686752617359,4.507189805735834e-05,0.014850444160401821,,114999
,,,,,,,,0.001,115000
92,0.028247930109500885,0.001150327268987894,0.0010887047974392772,0.008189558982849121,0.005371958017349243,4.603595152730122e-05,0.01244738046079874,,116249
,,,,,,,,0.001,116250
93,0.03280440717935562,0.0010512499138712883,0.0011443073162809014,0.008690357208251953,0.006908939220011234,4.475010064197704e-05,0.015009557828307152,,117499
,,,,,,,,0.001,117500
94,0.034527987241744995,0.001176319899968803,0.0012114598648622632,0.008837402798235416,0.00661754235625267,4.367778092273511e-05,0.016685303300619125,,118749
,,,,,,,,0.001,118750
95,0.0367482453584671,0.001311022904701531,0.0012105299392715096,0.0089005371555686,0.007510059978812933,4.469956911634654e-05,0.017816100269556046,,119999
,,,,,,,,0.001,120000
96,0.026799596846103668,0.0008237678557634354,0.0009122989722527564,0.007459951099008322,0.00465737609192729,4.252551661920734e-05,0.012946202419698238,,121249
,,,,,,,,0.001,121250
97,0.03092651441693306,0.0009222606895491481,0.000987812178209424,0.008189663290977478,0.005321516189724207,4.106597771169618e-05,0.015505276620388031,,122499
,,,,,,,,0.001,122500
98,0.03375177085399628,0.0011575932148844004,0.0011601399164646864,0.007253854535520077,0.007212840486317873,4.0661965613253415e-05,0.016967328265309334,,123749
,,,,,,,,0.001,123750
99,0.03304857760667801,0.0010733355302363634,0.0010872887214645743,0.01009111013263464,0.005945753306150436,4.074723619851284e-05,0.014851086772978306,,124999
,,,,,,,,0.001,125000
100,0.032642289996147156,0.0014240972232073545,0.0009903108002617955,0.007967476733028889,0.005650948733091354,4.3631302105495706e-05,0.016609514132142067,,126249
,,,,,,,,0.001,126250
101,0.03374950960278511,0.0008666095673106611,0.0009682675590738654,0.009416048415005207,0.00738070672377944,4.107564018340781e-05,0.015117848291993141,,127499
,,,,,,,,0.001,127500
102,0.031948965042829514,0.000982866040430963,0.0011416905326768756,0.00904238410294056,0.006297021638602018,3.771265983232297e-05,0.014484986662864685,,128749
,,,,,,,,0.001,128750
103,0.031115781515836716,0.001056233886629343,0.0012403038563206792,0.006085945293307304,0.005907019600272179,3.518111407174729e-05,0.01682628132402897,,129999
,,,,,,,,0.001,130000
104,0.03512292355298996,0.0013075416209176183,0.0011974560329690576,0.010238035582005978,0.007180435117334127,3.5148732422385365e-05,0.01519947499036789,,131249
,,,,,,,,0.001,131250
105,0.032020483165979385,0.0011455530766397715,0.0008634208934381604,0.00774235837161541,0.006000482477247715,3.682770693558268e-05,0.016268644481897354,,132499
,,,,,,,,0.001,132500
106,0.030835382640361786,0.0010609530145302415,0.0010799537412822247,0.007307763677090406,0.00676968926563859,3.482840838842094e-05,0.014617021195590496,,133749
,,,,,,,,0.001,133750
107,0.03283983841538429,0.0010218422394245863,0.0011815688339993358,0.010082075372338295,0.0064691039733588696,3.437491977820173e-05,0.014085269533097744,,134999
,,,,,,,,0.001,135000
108,0.03510233387351036,0.0012430819915607572,0.0011830502189695835,0.010934034362435341,0.006510765291750431,3.489057780825533e-05,0.01523139514029026,,136249
,,,,,,,,0.001,136250
109,0.033009108155965805,0.0010009326506406069,0.0011416204506531358,0.007728998549282551,0.0056413207203149796,3.5933848266722634e-05,0.017496248707175255,,137499
,,,,,,,,0.001,137500
110,0.03250580653548241,0.0010063245426863432,0.0011603649472817779,0.006683757994323969,0.006095439661294222,3.92036818084307e-05,0.017559923231601715,,138749
,,,,,,,,0.001,138750
111,0.028513619676232338,0.0010926710674539208,0.0010674037039279938,0.007382912561297417,0.005809125956147909,3.9315669710049406e-05,0.013161487877368927,,139999
,,,,,,,,0.001,140000
112,0.028920352458953857,0.0009581698686815798,0.0011167025659233332,0.008700552396476269,0.005260670091956854,3.820790516328998e-05,0.012884264811873436,,141249
,,,,,,,,0.001,141250
113,0.03116314671933651,0.0010255413362756371,0.0008752096327953041,0.006188349798321724,0.005897495895624161,3.775246295845136e-05,0.017176538705825806,,142499
,,,,,,,,0.001,142500
114,0.03390280902385712,0.001151115633547306,0.0011567004257813096,0.0093358950689435,0.006706309504806995,3.7077181332279e-05,0.015552802942693233,,143749
,,,,,,,,0.001,143750
115,0.032348617911338806,0.0008606390911154449,0.0013718801783397794,0.010133001953363419,0.0058858259581029415,3.797876706812531e-05,0.014097299426794052,,144999
,,,,,,,,0.001,145000
116,0.030282314866781235,0.0009237165213562548,0.000945492647588253,0.009109742939472198,0.006548613775521517,3.556456431397237e-05,0.012754720635712147,,146249
,,,,,,,,0.001,146250
117,0.027287505567073822,0.0009743411210365593,0.0009261015220545232,0.007202942855656147,0.005342782475054264,3.509074304020032e-05,0.012841337360441685,,147499
,,,,,,,,0.001,147500
118,0.026264099404215813,0.0010480956407263875,0.0008883472182787955,0.006904670502990484,0.004774020053446293,3.468967042863369e-05,0.012648969888687134,,148749
,,,,,,,,0.001,148750
119,0.031131530180573463,0.0012291144812479615,0.0010441085323691368,0.008020383305847645,0.005592721048742533,3.425385511945933e-05,0.01524517685174942,,149999
,,,,,,,,0.001,150000
120,0.032484110444784164,0.0011237337021157146,0.0012739237863570452,0.008649692870676517,0.007180050015449524,3.498473233776167e-05,0.014256649650633335,,151249
,,,,,,,,0.001,151250
121,0.030196774750947952,0.0009516412974335253,0.0009611716377548873,0.008987348526716232,0.006338937673717737,3.236508564441465e-05,0.012957685627043247,,152499
,,,,,,,,0.001,152500
122,0.03114921599626541,0.00102741620503366,0.0010092301527038217,0.009054557420313358,0.006051724776625633,3.28277274093125e-05,0.014006325975060463,,153749
,,,,,,,,0.001,153750
123,0.03264416381716728,0.0009871663060039282,0.0011861685197800398,0.010080577805638313,0.0064902291633188725,3.44363106705714e-05,0.013900035060942173,,154999
,,,,,,,,0.001,155000
124,0.033925700932741165,0.0010954582830891013,0.0011130525963380933,0.008949906565248966,0.005811001174151897,3.356739034643397e-05,0.016956260427832603,,156249
,,,,,,,,0.001,156250
125,0.029849039390683174,0.0009990173857659101,0.0009245628607459366,0.008881721645593643,0.0055398764088749886,3.551815825630911e-05,0.013503887690603733,,157499
,,,,,,,,0.001,157500
126,0.03495555743575096,0.000965896702837199,0.0010726330801844597,0.008896889165043831,0.007207756862044334,3.409817873034626e-05,0.016812361776828766,,158749
,,,,,,,,0.001,158750
127,0.03705153986811638,0.0010064190719276667,0.0014505133731290698,0.00823164638131857,0.007859380915760994,3.607453254517168e-05,0.018503589555621147,,159999
,,,,,,,,0.001,160000
128,0.03281227871775627,0.001087913173250854,0.0011777712497860193,0.008927550166845322,0.005934408400207758,3.604568337323144e-05,0.015684621408581734,,161249
,,,,,,,,0.001,161250
129,0.033447157591581345,0.000959346944000572,0.0011383011005818844,0.009702798910439014,0.006189968902617693,3.309812018414959e-05,0.015456750057637691,,162499
,,,,,,,,0.001,162500
130,0.032074566930532455,0.0009233026648871601,0.0008672556141391397,0.010859690606594086,0.005281256977468729,3.252334499848075e-05,0.014143035747110844,,163749
,,,,,,,,0.001,163750
131,0.0350705049932003,0.001053204876370728,0.0010202213888987899,0.008027944713830948,0.006902914494276047,3.2660678698448464e-05,0.01806625723838806,,164999
,,,,,,,,0.001,165000
132,0.03281291946768761,0.001208494883030653,0.0012106872163712978,0.00819641724228859,0.006496859714388847,3.081915929215029e-05,0.015700435265898705,,166249
,,,,,,,,0.001,166250
133,0.0368766188621521,0.001035382621921599,0.0009972729021683335,0.012751922942698002,0.0070083108730614185,3.233628740417771e-05,0.015083745121955872,,167499
,,,,,,,,0.001,167500
134,0.03789748251438141,0.0009441463625989854,0.0010938853956758976,0.010558903217315674,0.007365135010331869,2.9545208235504106e-05,0.017935430631041527,,168749
,,,,,,,,0.001,168750
135,0.04793563485145569,0.0012484065955504775,0.0014178481651470065,0.019198201596736908,0.008825905621051788,3.162805296597071e-05,0.017245274037122726,,169999
,,,,,,,,0.001,170000
136,0.03671397268772125,0.0010115631157532334,0.000920875056181103,0.011123756878077984,0.00783327966928482,3.1409512303071097e-05,0.01582448184490204,,171249
,,,,,,,,0.001,171250
137,0.031879667192697525,0.001197880133986473,0.0009001161670312285,0.00771714560687542,0.006087804213166237,3.044095865334384e-05,0.015976712107658386,,172499
,,,,,,,,0.001,172500
138,0.028465811163187027,0.0009282473474740982,0.000965784362051636,0.005753726232796907,0.005016759037971497,3.014733738382347e-05,0.01580127701163292,,173749
,,,,,,,,0.001,173750
139,0.035391077399253845,0.0010337013518437743,0.0011972993379458785,0.011105909943580627,0.007065968122333288,3.176315294695087e-05,0.014988203532993793,,174999
,,,,,,,,0.001,175000
140,0.03233848139643669,0.0009778152452781796,0.0010673070792108774,0.008925119414925575,0.005650406703352928,3.0412915293709375e-05,0.015717875212430954,,176249
,,,,,,,,0.001,176250
141,0.036126893013715744,0.0017818433698266745,0.0013971306616440415,0.009290370158851147,0.0065041459165513515,2.9477219868567772e-05,0.017153389751911163,,177499
,,,,,,,,0.001,177500
142,0.03137018904089928,0.0010204064892604947,0.0010602071415632963,0.00856175646185875,0.005692162550985813,2.8613623726414517e-05,0.015035690739750862,,178749
,,,,,,,,0.001,178750
143,0.030020978301763535,0.0010397721780464053,0.0009536024881526828,0.008066072128713131,0.005410391837358475,3.1043025956023484e-05,0.014551139436662197,,179999
,,,,,,,,0.001,180000
144,0.03277880698442459,0.0009224487585015595,0.0009521436877548695,0.009019067510962486,0.006185373291373253,3.1040133762871847e-05,0.01569979265332222,,181249
,,,,,,,,0.001,181250
145,0.029191020876169205,0.0007085209945216775,0.0007759876316413283,0.009101861156523228,0.004828184377402067,3.0127142963465303e-05,0.013776485808193684,,182499
,,,,,,,,0.001,182500
146,0.032500702887773514,0.0009203550289385021,0.001058252528309822,0.009549077600240707,0.006315245758742094,3.0456512831733562e-05,0.014657785184681416,,183749
,,,,,,,,0.001,183750
147,0.03355443850159645,0.0009159733890555799,0.0009439525892958045,0.009993031620979309,0.005536497104912996,3.174302401021123e-05,0.016165003180503845,,184999
,,,,,,,,0.001,185000
148,0.029112115502357483,0.0012414798839017749,0.0008271418628282845,0.006756333168596029,0.004673872143030167,3.182386717526242e-05,0.015613295137882233,,186249
,,,,,,,,0.001,186250
149,0.0296054407954216,0.0011237930739298463,0.0008808559505268931,0.005566131789237261,0.005520125385373831,3.247435961384326e-05,0.01651453785598278,,187499
,,,,,,,,0.001,187500
150,0.03143882006406784,0.0011874233605340123,0.0011718315072357655,0.005952722392976284,0.004920192528516054,3.1518993637291715e-05,0.018206678330898285,,188749
,,,,,,,,0.001,188750
151,0.02759738080203533,0.0012565219076350331,0.0009076063288375735,0.006949237082153559,0.004523175768554211,3.453289900789969e-05,0.013960840180516243,,189999
,,,,,,,,0.001,190000
152,0.03240113705396652,0.001076259184628725,0.0010337074054405093,0.008378339931368828,0.0060341390781104565,3.265828127041459e-05,0.015878677368164062,,191249
,,,,,,,,0.001,191250
153,0.031001843512058258,0.0009469992364756763,0.0008500837138853967,0.0067812795750796795,0.006215061526745558,3.5735869460040703e-05,0.01620836928486824,,192499
,,,,,,,,0.001,192500
154,0.0340934656560421,0.0016472366405650973,0.0011121773859485984,0.007859665900468826,0.005783891770988703,3.3766813430702314e-05,0.017690511420369148,,193749
,,,,,,,,0.001,193750
155,0.035085126757621765,0.0009748405427671969,0.0011300063924863935,0.009850144386291504,0.007437409367412329,3.146930248476565e-05,0.015692686662077904,,194999
,,,,,,,,0.001,195000
156,0.03108416683971882,0.0006986496155150235,0.0006971589755266905,0.010251451283693314,0.00496453233063221,3.0157396395225078e-05,0.014472369104623795,,196249
,,,,,,,,0.001,196250
157,0.03073130175471306,0.0010312492959201336,0.0009309621527791023,0.009924085810780525,0.005882127210497856,3.01585369015811e-05,0.012962869368493557,,197499
,,,,,,,,0.001,197500
158,0.038668617606163025,0.001159026171080768,0.0009982334449887276,0.010137065313756466,0.007730822078883648,3.053232285310514e-05,0.018643463030457497,,198749
,,,,,,,,0.001,198750
159,0.034886181354522705,0.000939366698730737,0.0010977957863360643,0.010376832447946072,0.007035974878817797,2.9168775654397905e-05,0.015436193905770779,,199999
,,,,,,,,0.001,200000
160,0.03660353273153305,0.0009452025406062603,0.0009681201190687716,0.009263357147574425,0.007095733657479286,2.7365085770725273e-05,0.01833108440041542,,201249
,,,,,,,,0.001,201250
161,0.03649526089429855,0.0012167877284809947,0.0010625215945765376,0.011495769955217838,0.0066116079688072205,3.030907828360796e-05,0.016108516603708267,,202499
,,,,,,,,0.001,202500
162,0.03485449030995369,0.0012405376182869077,0.0011248199734836817,0.00865944754332304,0.006558058317750692,3.2146021112566814e-05,0.01727157272398472,,203749
,,,,,,,,0.001,203750
163,0.03862694278359413,0.0012257695198059082,0.0009037561248987913,0.008367864415049553,0.0061188493855297565,3.298212686786428e-05,0.022010695189237595,,204999
,,,,,,,,0.001,205000
164,0.03635933995246887,0.0010712535586208105,0.0011175115359947085,0.010975505225360394,0.007540781516581774,3.3799173252191395e-05,0.015654273331165314,,206249
,,,,,,,,0.001,206250
165,0.030756963416934013,0.001037866692058742,0.0007431433768942952,0.007867665961384773,0.005323212593793869,3.26728550135158e-05,0.015785111114382744,,207499
,,,,,,,,0.001,207500
166,0.03557514026761055,0.0009608077234588563,0.0008799233473837376,0.010779344476759434,0.006356751546263695,3.050708255614154e-05,0.016598328948020935,,208749
,,,,,,,,0.001,208750
167,0.03227277100086212,0.0008716146694496274,0.0007120388327166438,0.010506292805075645,0.0062090326100587845,2.987056905112695e-05,0.013973805122077465,,209999
,,,,,,,,0.001,210000
168,0.04070615395903587,0.0017901918618008494,0.0013843915658071637,0.010249585844576359,0.006494159810245037,3.088505400228314e-05,0.020787807181477547,,211249
,,,,,,,,0.001,211250
169,0.03439301252365112,0.0009865951724350452,0.0007354299305006862,0.009546284563839436,0.006540230475366116,2.8246613510418683e-05,0.016584500670433044,,212499
,,,,,,,,0.001,212500
170,0.03716849535703659,0.0009294095798395574,0.001024033292196691,0.00873303972184658,0.00684761069715023,2.8591450245585293e-05,0.01963438093662262,,213749
,,,,,,,,0.001,213750
171,0.04144202172756195,0.0010399562306702137,0.0008554866653867066,0.009436906315386295,0.010461363010108471,3.0626561056124046e-05,0.019648335874080658,,214999
,,,,,,,,0.001,215000
172,0.02909376472234726,0.0008083777502179146,0.0007842294289730489,0.006545362062752247,0.00533145759254694,3.085039134020917e-05,0.01562435645610094,,216249
,,,,,,,,0.001,216250
173,0.03369837999343872,0.0009909456130117178,0.0012984537752345204,0.009423766285181046,0.006479872856289148,3.0432382118306123e-05,0.015505350194871426,,217499
,,,,,,,,0.001,217500
174,0.03267349675297737,0.000783038791269064,0.0008741855854168534,0.010157670825719833,0.005590359680354595,3.0099299692665227e-05,0.015268281102180481,,218749
,,,,,,,,0.001,218750
175,0.03642905503511429,0.0010713409865275025,0.0008850410231389105,0.008978520520031452,0.007535665761679411,2.9074799385853112e-05,0.01795846037566662,,219999
,,,,,,,,0.001,220000
176,0.034667860716581345,0.0011176997795701027,0.0010169586166739464,0.010079151019454002,0.006887932773679495,2.8910499167977832e-05,0.015566102229058743,,221249
,,,,,,,,0.001,221250
177,0.033174119889736176,0.0008554880041629076,0.0010133774485439062,0.012226585298776627,0.005778815597295761,2.7501568183652125e-05,0.013299885205924511,,222499
,,,,,,,,0.001,222500
178,0.03634339198470116,0.0014364029048010707,0.000943948864005506,0.012544982135295868,0.0070465500466525555,2.6925175916403532e-05,0.014371506869792938,,223749
,,,,,,,,0.001,223750
179,0.035042814910411835,0.0009370373445563018,0.0008584557799622416,0.009001863189041615,0.006027941592037678,2.5969558919314295e-05,0.018217522650957108,,224999
,,,,,,,,0.001,225000
180,0.039011258631944656,0.0010845160577446222,0.0016615838976576924,0.010621163994073868,0.007191658951342106,2.8425720302038826e-05,0.01845231093466282,,226249
,,,,,,,,0.001,226250
181,0.03477257117629051,0.0007501263753511012,0.0009009221103042364,0.010398542508482933,0.006455722730606794,2.8573625968419947e-05,0.016267284750938416,,227499
,,,,,,,,0.001,227500
182,0.03850887715816498,0.0008996676187962294,0.0008703943458385766,0.01288941316306591,0.007262491621077061,2.8902883059345186e-05,0.016586922109127045,,228749
,,,,,,,,0.001,228750
183,0.035753656178712845,0.0010748483473435044,0.0009468323551118374,0.010492702946066856,0.006831842940300703,2.8110509447287768e-05,0.016407407820224762,,229999
,,,,,,,,0.001,230000
184,0.053423527628183365,0.001881705247797072,0.0019905362278223038,0.01550680585205555,0.011259099468588829,3.185067907907069e-05,0.022785436362028122,,231249
,,,,,,,,0.001,231250
185,0.03760499507188797,0.0009618595358915627,0.0009351309854537249,0.011853610165417194,0.007211070973426104,2.8470713004935533e-05,0.016643274575471878,,232499
,,,,,,,,0.001,232500
186,0.045988041907548904,0.0013284037122502923,0.0014387890696525574,0.012315252795815468,0.00788890291005373,2.627208777994383e-05,0.023016702383756638,,233749
,,,,,,,,0.001,233750
187,0.038971997797489166,0.0009834561496973038,0.0009088017395697534,0.011678550392389297,0.007819633930921555,2.7927409973926842e-05,0.01758159138262272,,234999
,,,,,,,,0.001,235000
188,0.03845520317554474,0.000834719161503017,0.000745104334782809,0.013495122082531452,0.006229008082300425,2.703749487409368e-05,0.017151309177279472,,236249
,,,,,,,,0.001,236250
189,0.03616189584136009,0.0009820566046983004,0.0008529306505806744,0.011701042763888836,0.006192952860146761,2.7717220291378908e-05,0.016432899981737137,,237499
,,,,,,,,0.001,237500
190,0.030635088682174683,0.0009324725833721459,0.0008403588435612619,0.006987310014665127,0.005119812674820423,2.7728021450457163e-05,0.01675517112016678,,238749
,,,,,,,,0.001,238750
191,0.035439204424619675,0.000908177113160491,0.0007438732427544892,0.010419008322060108,0.006334212142974138,2.7153608243679628e-05,0.017033910378813744,,239999
,,,,,,,,0.001,240000
192,0.03515351936221123,0.0008520891424268484,0.000923979445360601,0.010743970051407814,0.0066838860511779785,2.7347841751179658e-05,0.015949619933962822,,241249
,,,,,,,,0.001,241250
193,0.03683808073401451,0.0009211357100866735,0.0008632059907540679,0.012113239616155624,0.006086241453886032,2.617059726617299e-05,0.016854261979460716,,242499
,,,,,,,,0.001,242500
194,0.030985074117779732,0.0007402511546388268,0.0006688229041174054,0.010210842825472355,0.005597893614321947,2.7570042220759206e-05,0.013767247088253498,,243749
,,,,,,,,0.001,243750
195,0.03565432131290436,0.0010806166101247072,0.0009012363152578473,0.010803240351378918,0.005959044676274061,2.7056214094045572e-05,0.01691018044948578,,244999
,,,,,,,,0.001,245000
196,0.029622893780469894,0.0008054167847149074,0.0008805861580185592,0.006912275683134794,0.004980814177542925,2.6272469767718576e-05,0.016043759882450104,,246249
,,,,,,,,0.001,246250
197,0.027873190119862556,0.0011156171094626188,0.00087672786321491,0.008638606406748295,0.0045760516077280045,2.587862400105223e-05,0.012666208669543266,,247499
,,,,,,,,0.001,247500
198,0.036274708807468414,0.0013261983403936028,0.0009872225346043706,0.007919037714600563,0.006051491945981979,2.6493666155147366e-05,0.019990814849734306,,248749
,,,,,,,,0.001,248750
199,0.037374962121248245,0.0009328307351097465,0.0011348710395395756,0.012562328949570656,0.006527690216898918,2.7781605240306817e-05,0.0162173043936491,,249999
,,,,,,,,0.001,250000
200,0.03621140122413635,0.0011478507658466697,0.0008911563782021403,0.012526084668934345,0.0050868806429207325,2.7650263291434385e-05,0.016559477895498276,,251249
,,,,,,,,0.001,251250
201,0.03834919631481171,0.0010209858883172274,0.0007736129336990416,0.012426711618900299,0.007301710546016693,2.8688231395790353e-05,0.01682615838944912,,252499
,,,,,,,,0.001,252500
202,0.03237731754779816,0.0008870224701240659,0.0006462784949690104,0.009925921447575092,0.006055597681552172,2.6701211027102545e-05,0.01486251875758171,,253749
,,,,,,,,0.001,253750
203,0.033260226249694824,0.00090167042799294,0.0007496682228520513,0.010043283924460411,0.0058852434158325195,2.6468112992006354e-05,0.015680363401770592,,254999
,,,,,,,,0.001,255000
204,0.03780445083975792,0.0009973698761314154,0.0011989024933427572,0.010639011859893799,0.006674621719866991,2.8543743610498495e-05,0.01829458586871624,,256249
,,,,,,,,0.001,256250
205,0.04563403129577637,0.0010218981187790632,0.0010492748115211725,0.010835320688784122,0.0077674840576946735,2.8058266252628528e-05,0.024960096925497055,,257499
,,,,,,,,0.001,257500
206,0.04069242253899574,0.0011403224198147655,0.0008293067803606391,0.01007128693163395,0.006955671589821577,2.885912726924289e-05,0.02169583924114704,,258749
,,,,,,,,0.001,258750
207,0.039142459630966187,0.0008097590180113912,0.0009302980615757406,0.01054487656801939,0.006737526506185532,2.7218637114856392e-05,0.02011997438967228,,259999
,,,,,,,,0.001,260000
208,0.04389679431915283,0.0011855654884129763,0.0006554689025506377,0.012469902634620667,0.0068428535014390945,2.699048309295904e-05,0.02274300344288349,,261249
,,,,,,,,0.001,261250
209,0.05171336606144905,0.0008862866670824587,0.0006393804214894772,0.01679522544145584,0.009777323342859745,2.656249125720933e-05,0.023615093901753426,,262499
,,,,,,,,0.001,262500
210,0.03562117740511894,0.000959868892095983,0.0010230678599327803,0.009859372861683369,0.006480945739895105,2.5826162527664565e-05,0.01729796826839447,,263749
,,,,,,,,0.001,263750
211,0.037763599306344986,0.0008564398740418255,0.0009279908263124526,0.0119243785738945,0.0076050651259720325,2.6698788133217022e-05,0.016449738293886185,,264999
,,,,,,,,0.001,265000
212,0.039628226310014725,0.0008433646289631724,0.0008832393796183169,0.01183302327990532,0.007605498656630516,2.7217773094889708e-05,0.018463091924786568,,266249
,,,,,,,,0.001,266250
213,0.04562151059508324,0.001251734676770866,0.001110378885641694,0.013627833686769009,0.00800094474107027,2.8614067559828982e-05,0.02163062058389187,,267499
,,,,,,,,0.001,267500
214,0.0440400205552578,0.0009605195955373347,0.000799677218310535,0.009765256196260452,0.009394892491400242,3.0362718462129124e-05,0.02311970293521881,,268749
,,,,,,,,0.001,268750
215,0.039257243275642395,0.0008817950147204101,0.0008620410226285458,0.012684681452810764,0.007194691337645054,2.843514084815979e-05,0.017634009942412376,,269999
,,,,,,,,0.001,270000
216,0.03521506488323212,0.0007776300190016627,0.000677306205034256,0.011259684339165688,0.006388840731233358,2.974158269353211e-05,0.01611161418259144,,271249
,,,,,,,,0.001,271250
217,0.0362541489303112,0.0008923493442125618,0.0008781265350989997,0.01002468355000019,0.006099679972976446,2.9926517527201213e-05,0.01835932955145836,,272499
,,,,,,,,0.001,272500
218,0.034070082008838654,0.0008350220741704106,0.0008640821324661374,0.011107027530670166,0.006441439036279917,2.9965296562295407e-05,0.014822503551840782,,273749
,,,,,,,,0.001,273750
219,0.04046287760138512,0.001092424150556326,0.000961483980063349,0.012436902150511742,0.006659012753516436,3.059255323023535e-05,0.019313063472509384,,274999
,,,,,,,,0.001,275000
220,0.03688162937760353,0.0007998491637408733,0.0007493236917071044,0.009374105371534824,0.006914549972862005,3.087807635893114e-05,0.019043803215026855,,276249
,,,,,,,,0.001,276250
221,0.04239942878484726,0.0013016409939154983,0.0010066304821521044,0.015236373990774155,0.006622017826884985,3.0275383323896676e-05,0.018232744187116623,,277499
,,,,,,,,0.001,277500
222,0.03231947124004364,0.0008062784909270704,0.0008154324605129659,0.008441640995442867,0.0055819228291511536,2.8724663934553973e-05,0.016674181446433067,,278749
,,,,,,,,0.001,278750
223,0.032875221222639084,0.0009847654728218913,0.0009790260810405016,0.007538678124547005,0.006078856065869331,3.317967275506817e-05,0.01729389652609825,,279999
,,,,,,,,0.001,280000
224,0.03720584511756897,0.0007922817021608353,0.0006513868574984372,0.009085935540497303,0.0069012632593512535,2.8596477932296693e-05,0.019774964079260826,,281249
,,,,,,,,0.001,281250
225,0.030448760837316513,0.000851825054269284,0.0008010156452655792,0.007702841889113188,0.005211744457483292,3.0600331228924915e-05,0.015881365165114403,,282499
,,,,,,,,0.001,282500
226,0.04766406491398811,0.001384396106004715,0.0007642818382009864,0.010703626088798046,0.01025384571403265,3.128257958451286e-05,0.024557944387197495,,283749
,,,,,,,,0.001,283750
227,0.03437304496765137,0.0009012931841425598,0.0006865889299660921,0.008634044788777828,0.006812593899667263,3.093154737143777e-05,0.017338547855615616,,284999
,,,,,,,,0.001,285000
228,0.033295050263404846,0.0009155244915746152,0.0007622101693414152,0.009730122052133083,0.005522545892745256,3.037282294826582e-05,0.016364682465791702,,286249
,,,,,,,,0.001,286250
229,0.0374276228249073,0.0009305602288804948,0.0007390256505459547,0.011738314293324947,0.007519709877669811,3.240964360884391e-05,0.016499986872076988,,287499
,,,,,,,,0.001,287500
230,0.03940838202834129,0.0007784889894537628,0.0009346323204226792,0.011697004549205303,0.006160352844744921,3.2679028663551435e-05,0.019837917760014534,,288749
,,,,,,,,0.001,288750
231,0.03984900936484337,0.0012995295692235231,0.0009931651875376701,0.01125724334269762,0.00673955213278532,3.170782292727381e-05,0.01955954171717167,,289999
,,,,,,,,0.001,290000
232,0.043845027685165405,0.0014255049172788858,0.0010157364886254072,0.013945125974714756,0.006833802908658981,2.9083130357321352e-05,0.020624857395887375,,291249
,,,,,,,,0.001,291250
233,0.038914699107408524,0.0009179512271657586,0.0007377552683465183,0.013053655624389648,0.007184171117842197,2.779429269139655e-05,0.017021166160702705,,292499
,,,,,,,,0.001,292500
234,0.045395176857709885,0.0010018378961831331,0.00100445665884763,0.014061191119253635,0.00855300109833479,2.5836929125944152e-05,0.02077472396194935,,293749
,,,,,,,,0.001,293750
235,0.03855019062757492,0.0007657990208826959,0.0006954741547815502,0.011863536201417446,0.006536054890602827,2.5316769097116776e-05,0.01868930272758007,,294999
,,,,,,,,0.001,295000
236,0.043776292353868484,0.0011220024898648262,0.0011119622504338622,0.01348149124532938,0.008607647381722927,2.5410616217413917e-05,0.019453195855021477,,296249
,,,,,,,,0.001,296250
237,0.037971656769514084,0.001067514531314373,0.0009565293439663947,0.012221760116517544,0.006859203334897757,2.568668787716888e-05,0.016866587102413177,,297499
,,,,,,,,0.001,297500
238,0.03952135145664215,0.001121176523156464,0.0009794485522434115,0.008879807777702808,0.00668834475800395,2.7276882974547334e-05,0.021852584555745125,,298749
,,,,,,,,0.001,298750
239,0.047693632543087006,0.0011344095692038536,0.000859746360220015,0.014663749374449253,0.008897855877876282,2.8009766538161784e-05,0.022137852385640144,,299999
,,,,,,,,0.001,300000
240,0.03760746121406555,0.0008843675605021417,0.0007899182382971048,0.009318343363702297,0.007527462672442198,2.5985786123783328e-05,0.019087374210357666,,301249
,,,,,,,,0.001,301250
241,0.044500984251499176,0.0012501142919063568,0.0009199747000820935,0.015911193564534187,0.007480132393538952,2.7990472517558374e-05,0.01893957145512104,,302499
,,,,,,,,0.001,302500
242,0.03914397209882736,0.0010465956293046474,0.0007040159543976188,0.010920346714556217,0.006350293289870024,2.7245087039773352e-05,0.02012273482978344,,303749
,,,,,,,,0.001,303750
243,0.037445858120918274,0.0009165162919089198,0.0008528870530426502,0.007962947711348534,0.007071331609040499,2.7976770070381463e-05,0.020642155781388283,,304999
,,,,,,,,0.001,305000
244,0.0449601449072361,0.0011771804420277476,0.0010060518980026245,0.014123780652880669,0.00908821914345026,2.6118132154806517e-05,0.01956494338810444,,306249
,,,,,,,,0.001,306250
245,0.04080759733915329,0.0009163982467725873,0.0010318858548998833,0.01165471039712429,0.008569003082811832,2.4109309379127808e-05,0.01863555982708931,,307499
,,,,,,,,0.001,307500
246,0.033454786986112595,0.0008242648327723145,0.0007759399013593793,0.00754190981388092,0.00528249517083168,2.4181848857551813e-05,0.01903020404279232,,308749
,,,,,,,,0.001,308750
247,0.03365783393383026,0.0008213134715333581,0.0006913075339980423,0.007633020635694265,0.00572022283449769,2.6004159735748544e-05,0.018791986629366875,,309999
,,,,,,,,0.001,310000
248,0.03541649132966995,0.000874818826559931,0.0007061893702484667,0.011574688367545605,0.0054636429995298386,2.5855386411421932e-05,0.016797184944152832,,311249
,,,,,,,,0.001,311250
249,0.0414622463285923,0.0011476960498839617,0.0013215598883107305,0.01092841662466526,0.008090751245617867,2.8064041543984786e-05,0.01997380331158638,,312499
,,,,,,,,0.001,312500
