x,y,u_pred,u_true,error
0.000000e+00,0.000000e+00,6.658770e-05,0.000000e+00,6.658770e-05
0.000000e+00,3.448276e-02,-1.864694e-05,0.000000e+00,1.864694e-05
0.000000e+00,6.896552e-02,-5.661510e-05,0.000000e+00,5.661510e-05
0.000000e+00,1.034483e-01,-5.435012e-05,0.000000e+00,5.435012e-05
0.000000e+00,1.379310e-01,-2.591871e-05,0.000000e+00,2.591871e-05
0.000000e+00,1.724138e-01,1.151301e-05,0.000000e+00,1.151301e-05
0.000000e+00,2.068965e-01,4.015304e-05,0.000000e+00,4.015304e-05
0.000000e+00,2.413793e-01,4.715659e-05,0.000000e+00,4.715659e-05
0.000000e+00,2.758621e-01,3.028847e-05,0.000000e+00,3.028847e-05
0.000000e+00,3.103448e-01,-9.741634e-07,0.000000e+00,9.741634e-07
0.000000e+00,3.448276e-01,-2.693199e-05,0.000000e+00,2.693199e-05
0.000000e+00,3.793103e-01,-2.842210e-05,0.000000e+00,2.842210e-05
0.000000e+00,4.137931e-01,-6.165355e-07,0.000000e+00,6.165355e-07
0.000000e+00,4.482759e-01,4.062988e-05,0.000000e+00,4.062988e-05
0.000000e+00,4.827586e-01,6.700493e-05,0.000000e+00,6.700493e-05
0.000000e+00,5.172414e-01,5.761720e-05,0.000000e+00,5.761720e-05
0.000000e+00,5.517241e-01,1.368858e-05,0.000000e+00,1.368858e-05
0.000000e+00,5.862069e-01,-4.338287e-05,0.000000e+00,4.338287e-05
0.000000e+00,6.206896e-01,-8.731149e-05,0.000000e+00,8.731149e-05
0.000000e+00,6.551724e-01,-1.030173e-04,0.000000e+00,1.030173e-04
0.000000e+00,6.896552e-01,-9.055994e-05,0.000000e+00,9.055994e-05
0.000000e+00,7.241379e-01,-5.974434e-05,0.000000e+00,5.974434e-05
0.000000e+00,7.586207e-01,-2.281927e-05,0.000000e+00,2.281927e-05
0.000000e+00,7.931035e-01,1.023151e-05,0.000000e+00,1.023151e-05
0.000000e+00,8.275862e-01,3.285147e-05,0.000000e+00,3.285147e-05
0.000000e+00,8.620690e-01,4.477240e-05,0.000000e+00,4.477240e-05
0.000000e+00,8.965517e-01,5.156733e-05,0.000000e+00,5.156733e-05
0.000000e+00,9.310345e-01,5.481578e-05,0.000000e+00,5.481578e-05
0.000000e+00,9.655172e-01,4.411675e-05,0.000000e+00,4.411675e-05
0.000000e+00,1.000000e+00,-4.312024e-06,-0.000000e+00,4.312024e-06
3.448276e-02,0.000000e+00,6.274320e-05,0.000000e+00,6.274320e-05
3.448276e-02,3.448276e-02,1.170064e-02,1.168972e-02,1.091603e-05
3.448276e-02,6.896552e-02,2.322633e-02,2.324240e-02,1.606531e-05
3.448276e-02,1.034483e-01,3.450290e-02,3.452257e-02,1.966953e-05
3.448276e-02,1.379310e-01,4.539040e-02,4.539800e-02,7.599592e-06
3.448276e-02,1.724138e-01,5.575074e-02,5.574118e-02,9.551644e-06
3.448276e-02,2.068965e-01,6.545324e-02,6.543084e-02,2.239645e-05
3.448276e-02,2.413793e-01,7.437927e-02,7.435340e-02,2.587587e-05
3.448276e-02,2.758621e-01,8.242334e-02,8.240423e-02,1.911074e-05
3.448276e-02,3.103448e-01,8.949489e-02,8.948893e-02,5.960464e-06
3.448276e-02,3.448276e-01,9.551901e-02,9.552447e-02,5.453825e-06
3.448276e-02,3.793103e-01,1.004334e-01,1.004401e-01,6.698072e-06
3.448276e-02,4.137931e-01,1.041830e-01,1.041781e-01,4.939735e-06
3.448276e-02,4.482759e-01,1.067168e-01,1.066947e-01,2.203882e-05
3.448276e-02,4.827586e-01,1.079919e-01,1.079605e-01,3.138930e-05
3.448276e-02,5.172414e-01,1.079837e-01,1.079605e-01,2.325326e-05
3.448276e-02,5.517241e-01,1.066936e-01,1.066947e-01,1.147389e-06
3.448276e-02,5.862069e-01,1.041466e-01,1.041781e-01,3.144890e-05
3.448276e-02,6.206896e-01,1.003851e-01,1.004401e-01,5.494803e-05
3.448276e-02,6.551724e-01,9.546009e-02,9.552445e-02,6.435812e-05
3.448276e-02,6.896552e-01,8.942968e-02,8.948892e-02,5.923957e-05
3.448276e-02,7.241379e-01,8.236099e-02,8.240422e-02,4.322827e-05
3.448276e-02,7.586207e-01,7.433257e-02,7.435340e-02,2.082437e-05
3.448276e-02,7.931035e-01,6.543285e-02,6.543083e-02,2.026558e-06
3.448276e-02,8.275862e-01,5.576063e-02,5.574117e-02,1.945719e-05
3.448276e-02,8.620690e-01,4.542623e-02,4.539799e-02,2.823398e-05
3.448276e-02,8.965517e-01,3.455196e-02,3.452257e-02,2.938509e-05
3.448276e-02,9.310345e-01,2.326442e-02,2.324237e-02,2.204441e-05
3.448276e-02,9.655172e-01,1.168475e-02,1.168971e-02,4.952773e-06
3.448276e-02,1.000000e+00,-7.232092e-05,-9.452066e-09,7.231147e-05
6.896552e-02,0.000000e+00,4.057027e-05,0.000000e+00,4.057027e-05
6.896552e-02,3.448276e-02,2.325834e-02,2.324240e-02,1.594238e-05
6.896552e-02,6.896552e-02,4.621259e-02,4.621230e-02,2.942979e-07
6.896552e-02,1.034483e-01,6.863747e-02,6.864039e-02,2.920628e-06
6.896552e-02,1.379310e-01,9.026615e-02,9.026375e-02,2.391636e-06
6.896552e-02,1.724138e-01,1.108389e-01,1.108289e-01,1.007318e-05
6.896552e-02,2.068965e-01,1.301100e-01,1.300946e-01,1.546741e-05
6.896552e-02,2.413793e-01,1.478522e-01,1.478351e-01,1.710653e-05
6.896552e-02,2.758621e-01,1.638572e-01,1.638423e-01,1.488626e-05
6.896552e-02,3.103448e-01,1.779381e-01,1.779287e-01,9.417534e-06
6.896552e-02,3.448276e-01,1.899324e-01,1.899290e-01,3.412366e-06
6.896552e-02,3.793103e-01,1.997037e-01,1.997025e-01,1.177192e-06
6.896552e-02,4.137931e-01,2.071391e-01,2.071348e-01,4.380941e-06
6.896552e-02,4.482759e-01,2.121487e-01,2.121385e-01,1.011789e-05
6.896552e-02,4.827586e-01,2.146673e-01,2.146552e-01,1.206994e-05
6.896552e-02,5.172414e-01,2.146608e-01,2.146552e-01,5.573034e-06
6.896552e-02,5.517241e-01,2.121300e-01,2.121385e-01,8.553267e-06
6.896552e-02,5.862069e-01,2.071098e-01,2.071348e-01,2.500415e-05
6.896552e-02,6.206896e-01,1.996650e-01,1.997025e-01,3.758073e-05
6.896552e-02,6.551724e-01,1.898863e-01,1.899290e-01,4.270673e-05
6.896552e-02,6.896552e-01,1.778890e-01,1.779287e-01,3.965199e-05
6.896552e-02,7.241379e-01,1.638121e-01,1.638423e-01,3.017485e-05
6.896552e-02,7.586207e-01,1.478189e-01,1.478351e-01,1.615286e-05
6.896552e-02,7.931035e-01,1.300939e-01,1.300945e-01,6.556511e-07
6.896552e-02,8.275862e-01,1.108400e-01,1.108288e-01,1.119822e-05
6.896552e-02,8.620690e-01,9.028078e-02,9.026374e-02,1.703948e-05
6.896552e-02,8.965517e-01,6.865699e-02,6.864039e-02,1.659989e-05
6.896552e-02,9.310345e-01,4.622031e-02,4.621225e-02,8.057803e-06
6.896552e-02,9.655172e-01,2.322466e-02,2.324236e-02,1.770258e-05
6.896552e-02,1.000000e+00,-7.547997e-05,-1.879331e-08,7.546118e-05
1.034483e-01,0.000000e+00,1.318194e-05,0.000000e+00,1.318194e-05
1.034483e-01,3.448276e-02,3.453238e-02,3.452257e-02,9.804964e-06
1.034483e-01,6.896552e-02,6.864504e-02,6.864039e-02,4.649162e-06
1.034483e-01,1.034483e-01,1.019574e-01,1.019535e-01,3.993511e-06
1.034483e-01,1.379310e-01,1.340783e-01,1.340712e-01,7.078052e-06
1.034483e-01,1.724138e-01,1.646280e-01,1.646171e-01,1.087785e-05
1.034483e-01,2.068965e-01,1.932457e-01,1.932330e-01,1.268089e-05
1.034483e-01,2.413793e-01,2.195963e-01,2.195835e-01,1.284480e-05
1.034483e-01,2.758621e-01,2.433713e-01,2.433595e-01,1.181662e-05
1.034483e-01,3.103448e-01,2.642916e-01,2.642823e-01,9.298325e-06
1.034483e-01,3.448276e-01,2.821120e-01,2.821068e-01,5.245209e-06
1.034483e-01,3.793103e-01,2.966260e-01,2.966237e-01,2.324581e-06
1.034483e-01,4.137931e-01,3.076649e-01,3.076630e-01,1.966953e-06
1.034483e-01,4.482759e-01,3.150982e-01,3.150952e-01,2.950430e-06
1.034483e-01,4.827586e-01,3.188357e-01,3.188332e-01,2.443790e-06
1.034483e-01,5.172414e-01,3.188309e-01,3.188332e-01,2.294779e-06
1.034483e-01,5.517241e-01,3.150841e-01,3.150952e-01,1.111627e-05
1.034483e-01,5.862069e-01,3.076423e-01,3.076630e-01,2.068281e-05
1.034483e-01,6.206896e-01,2.965959e-01,2.966237e-01,2.780557e-05
1.034483e-01,6.551724e-01,2.820762e-01,2.821067e-01,3.051758e-05
1.034483e-01,6.896552e-01,2.642539e-01,2.642823e-01,2.837181e-05
1.034483e-01,7.241379e-01,2.433375e-01,2.433595e-01,2.196431e-05
1.034483e-01,7.586207e-01,2.195713e-01,2.195835e-01,1.214445e-05
1.034483e-01,7.931035e-01,1.932316e-01,1.932330e-01,1.356006e-06
1.034483e-01,8.275862e-01,1.646246e-01,1.646171e-01,7.480383e-06
1.034483e-01,8.620690e-01,1.340836e-01,1.340712e-01,1.238286e-05
1.034483e-01,8.965517e-01,1.019669e-01,1.019535e-01,1.347065e-05
1.034483e-01,9.310345e-01,6.865034e-02,6.864033e-02,1.001358e-05
1.034483e-01,9.655172e-01,3.451896e-02,3.452252e-02,3.557652e-06
1.034483e-01,1.000000e+00,-3.524683e-05,-2.791423e-08,3.521892e-05
1.379310e-01,0.000000e+00,-6.427988e-06,0.000000e+00,6.427988e-06
1.379310e-01,3.448276e-02,4.540054e-02,4.539800e-02,2.533197e-06
1.379310e-01,6.896552e-02,9.026820e-02,9.026375e-02,4.447997e-06
1.379310e-01,1.034483e-01,1.340777e-01,1.340712e-01,6.482005e-06
1.379310e-01,1.379310e-01,1.763165e-01,1.763069e-01,9.626150e-06
1.379310e-01,1.724138e-01,2.164870e-01,2.164755e-01,1.153350e-05
1.379310e-01,2.068965e-01,2.541175e-01,2.541060e-01,1.150370e-05
1.379310e-01,2.413793e-01,2.887682e-01,2.887575e-01,1.063943e-05
1.379310e-01,2.758621e-01,3.200331e-01,3.200236e-01,9.566545e-06
1.379310e-01,3.103448e-01,3.475453e-01,3.475376e-01,7.688999e-06
1.379310e-01,3.448276e-01,3.709815e-01,3.709771e-01,4.440546e-06
1.379310e-01,3.793103e-01,3.900685e-01,3.900672e-01,1.311302e-06
1.379310e-01,4.137931e-01,4.045834e-01,4.045841e-01,7.748604e-07
1.379310e-01,4.482759e-01,4.143560e-01,4.143577e-01,1.728535e-06
1.379310e-01,4.827586e-01,4.192704e-01,4.192733e-01,2.920628e-06
1.379310e-01,5.172414e-01,4.192667e-01,4.192733e-01,6.586313e-06
1.379310e-01,5.517241e-01,4.143459e-01,4.143577e-01,1.183152e-05
1.379310e-01,5.862069e-01,4.045664e-01,4.045841e-01,1.770258e-05
1.379310e-01,6.206896e-01,3.900453e-01,3.900672e-01,2.190471e-05
1.379310e-01,6.551724e-01,3.709535e-01,3.709771e-01,2.354383e-05
1.379310e-01,6.896552e-01,3.475159e-01,3.475376e-01,2.169609e-05
1.379310e-01,7.241379e-01,3.200068e-01,3.200235e-01,1.668930e-05
1.379310e-01,7.586207e-01,2.887483e-01,2.887575e-01,9.179115e-06
1.379310e-01,7.931035e-01,2.541052e-01,2.541060e-01,8.046627e-07
1.379310e-01,8.275862e-01,2.164820e-01,2.164754e-01,6.616116e-06
1.379310e-01,8.620690e-01,1.763193e-01,1.763068e-01,1.248717e-05
1.379310e-01,8.965517e-01,1.340884e-01,1.340712e-01,1.712143e-05
1.379310e-01,9.310345e-01,9.028525e-02,9.026366e-02,2.158433e-05
1.379310e-01,9.655172e-01,4.542265e-02,4.539794e-02,2.470985e-05
1.379310e-01,1.000000e+00,2.665259e-05,-3.670787e-08,2.668930e-05
1.724138e-01,0.000000e+00,-1.191162e-05,0.000000e+00,1.191162e-05
1.724138e-01,3.448276e-02,5.574030e-02,5.574118e-02,8.791685e-07
1.724138e-01,6.896552e-02,1.108327e-01,1.108289e-01,3.844500e-06
1.724138e-01,1.034483e-01,1.646244e-01,1.646171e-01,7.301569e-06
1.724138e-01,1.379310e-01,2.164860e-01,2.164755e-01,1.056492e-05
1.724138e-01,1.724138e-01,2.658077e-01,2.657958e-01,1.183152e-05
1.724138e-01,2.068965e-01,3.120110e-01,3.119999e-01,1.105666e-05
1.724138e-01,2.413793e-01,3.545558e-01,3.545462e-01,9.626150e-06
1.724138e-01,2.758621e-01,3.929437e-01,3.929356e-01,8.076429e-06
1.724138e-01,3.103448e-01,4.267243e-01,4.267183e-01,6.049871e-06
1.724138e-01,3.448276e-01,4.555009e-01,4.554981e-01,2.801418e-06
1.724138e-01,3.793103e-01,4.789368e-01,4.789376e-01,7.748604e-07
1.724138e-01,4.137931e-01,4.967581e-01,4.967619e-01,3.844500e-06
1.724138e-01,4.482759e-01,5.087561e-01,5.087622e-01,6.139278e-06
1.724138e-01,4.827586e-01,5.147899e-01,5.147978e-01,7.927418e-06
1.724138e-01,5.172414e-01,5.147872e-01,5.147978e-01,1.060963e-05
1.724138e-01,5.517241e-01,5.087485e-01,5.087622e-01,1.370907e-05
1.724138e-01,5.862069e-01,4.967450e-01,4.967619e-01,1.695752e-05
1.724138e-01,6.206896e-01,4.789183e-01,4.789376e-01,1.931190e-05
1.724138e-01,6.551724e-01,4.554784e-01,4.554980e-01,1.960993e-05
1.724138e-01,6.896552e-01,4.267004e-01,4.267183e-01,1.782179e-05
1.724138e-01,7.241379e-01,3.929223e-01,3.929356e-01,1.332164e-05
1.724138e-01,7.586207e-01,3.545391e-01,3.545461e-01,7.033348e-06
1.724138e-01,7.931035e-01,3.119999e-01,3.119999e-01,5.960464e-08
1.724138e-01,8.275862e-01,2.658027e-01,2.657958e-01,6.973743e-06
1.724138e-01,8.620690e-01,2.164893e-01,2.164754e-01,1.385808e-05
1.724138e-01,8.965517e-01,1.646389e-01,1.646171e-01,2.178550e-05
1.724138e-01,9.310345e-01,1.108623e-01,1.108287e-01,3.357232e-05
1.724138e-01,9.655172e-01,5.579317e-02,5.574111e-02,5.206466e-05
1.724138e-01,1.000000e+00,8.449890e-05,-4.507115e-08,8.454397e-05
2.068965e-01,0.000000e+00,-8.037314e-06,0.000000e+00,8.037314e-06
2.068965e-01,3.448276e-02,6.543065e-02,6.543084e-02,1.937151e-07
2.068965e-01,6.896552e-02,1.300989e-01,1.300946e-01,4.321337e-06
2.068965e-01,1.034483e-01,1.932410e-01,1.932330e-01,7.927418e-06
2.068965e-01,1.379310e-01,2.541168e-01,2.541060e-01,1.078844e-05
2.068965e-01,1.724138e-01,3.120117e-01,3.119999e-01,1.177192e-05
2.068965e-01,2.068965e-01,3.662463e-01,3.662358e-01,1.055002e-05
2.068965e-01,2.413793e-01,4.161867e-01,4.161780e-01,8.761883e-06
2.068965e-01,2.758621e-01,4.612479e-01,4.612408e-01,7.092953e-06
2.068965e-01,3.103448e-01,5.009008e-01,5.008960e-01,4.768372e-06
2.068965e-01,3.448276e-01,5.346799e-01,5.346787e-01,1.192093e-06
2.068965e-01,3.793103e-01,5.621899e-01,5.621927e-01,2.801418e-06
2.068965e-01,4.137931e-01,5.831090e-01,5.831156e-01,6.556511e-06
2.068965e-01,4.482759e-01,5.971924e-01,5.972019e-01,9.536743e-06
2.068965e-01,4.827586e-01,6.042750e-01,6.042867e-01,1.168251e-05
2.068965e-01,5.172414e-01,6.042726e-01,6.042867e-01,1.406670e-05
2.068965e-01,5.517241e-01,5.971859e-01,5.972019e-01,1.609325e-05
2.068965e-01,5.862069e-01,5.830977e-01,5.831156e-01,1.788139e-05
2.068965e-01,6.206896e-01,5.621742e-01,5.621927e-01,1.853704e-05
2.068965e-01,6.551724e-01,5.346609e-01,5.346786e-01,1.770258e-05
2.068965e-01,6.896552e-01,5.008804e-01,5.008960e-01,1.555681e-05
2.068965e-01,7.241379e-01,4.612292e-01,4.612408e-01,1.159310e-05
2.068965e-01,7.586207e-01,4.161719e-01,4.161780e-01,6.049871e-06
2.068965e-01,7.931035e-01,3.662361e-01,3.662357e-01,3.576279e-07
2.068965e-01,8.275862e-01,3.120067e-01,3.119998e-01,6.854534e-06
2.068965e-01,8.620690e-01,2.541199e-01,2.541060e-01,1.388788e-05
2.068965e-01,8.965517e-01,1.932562e-01,1.932330e-01,2.321601e-05
2.068965e-01,9.310345e-01,1.301327e-01,1.300944e-01,3.825128e-05
2.068965e-01,9.655172e-01,6.549508e-02,6.543075e-02,6.432831e-05
2.068965e-01,1.000000e+00,1.121257e-04,-5.290601e-08,1.121786e-04
2.413793e-01,0.000000e+00,-3.149733e-06,0.000000e+00,3.149733e-06
2.413793e-01,3.448276e-02,7.435522e-02,7.435340e-02,1.825392e-06
2.413793e-01,6.896552e-02,1.478411e-01,1.478351e-01,5.975366e-06
2.413793e-01,1.034483e-01,2.195929e-01,2.195835e-01,9.372830e-06
2.413793e-01,1.379310e-01,2.887689e-01,2.887575e-01,1.135468e-05
2.413793e-01,1.724138e-01,3.545576e-01,3.545462e-01,1.147389e-05
2.413793e-01,2.068965e-01,4.161879e-01,4.161780e-01,9.924173e-06
2.413793e-01,2.413793e-01,4.729384e-01,4.729306e-01,7.838011e-06
2.413793e-01,2.758621e-01,5.241441e-01,5.241385e-01,5.602837e-06
2.413793e-01,3.103448e-01,5.692044e-01,5.692013e-01,3.099442e-06
2.413793e-01,3.448276e-01,6.075902e-01,6.075908e-01,5.960464e-07
2.413793e-01,3.793103e-01,6.388522e-01,6.388568e-01,4.589558e-06
2.413793e-01,4.137931e-01,6.626245e-01,6.626328e-01,8.285046e-06
2.413793e-01,4.482759e-01,6.786289e-01,6.786401e-01,1.126528e-05
2.413793e-01,4.827586e-01,6.866772e-01,6.866909e-01,1.370907e-05
2.413793e-01,5.172414e-01,6.866750e-01,6.866909e-01,1.597404e-05
2.413793e-01,5.517241e-01,6.786222e-01,6.786401e-01,1.788139e-05
2.413793e-01,5.862069e-01,6.626140e-01,6.626328e-01,1.877546e-05
2.413793e-01,6.206896e-01,6.388382e-01,6.388568e-01,1.859665e-05
2.413793e-01,6.551724e-01,6.075734e-01,6.075907e-01,1.734495e-05
2.413793e-01,6.896552e-01,5.691864e-01,5.692013e-01,1.484156e-05
2.413793e-01,7.241379e-01,5.241272e-01,5.241385e-01,1.120567e-05
2.413793e-01,7.586207e-01,4.729242e-01,4.729306e-01,6.377697e-06
2.413793e-01,7.931035e-01,4.161770e-01,4.161779e-01,8.642673e-07
2.413793e-01,8.275862e-01,3.545513e-01,3.545461e-01,5.185604e-06
2.413793e-01,8.620690e-01,2.887695e-01,2.887575e-01,1.198053e-05
2.413793e-01,8.965517e-01,2.196034e-01,2.195835e-01,1.993775e-05
2.413793e-01,9.310345e-01,1.478673e-01,1.478349e-01,3.238022e-05
2.413793e-01,9.655172e-01,7.440794e-02,7.435330e-02,5.464256e-05
2.413793e-01,1.000000e+00,9.555556e-05,-6.012060e-08,9.561568e-05
2.758621e-01,0.000000e+00,-1.629815e-06,0.000000e+00,1.629815e-06
2.758621e-01,3.448276e-02,8.240855e-02,8.240423e-02,4.328787e-06
2.758621e-01,6.896552e-02,1.638512e-01,1.638423e-01,8.866191e-06
2.758621e-01,1.034483e-01,2.433710e-01,2.433595e-01,1.148880e-05
2.758621e-01,1.379310e-01,3.200359e-01,3.200236e-01,1.236796e-05
2.758621e-01,1.724138e-01,3.929470e-01,3.929356e-01,1.135468e-05
2.758621e-01,2.068965e-01,4.612501e-01,4.612408e-01,9.238720e-06
2.758621e-01,2.413793e-01,5.241449e-01,5.241385e-01,6.377697e-06
2.758621e-01,2.758621e-01,5.808946e-01,5.808911e-01,3.576279e-06
2.758621e-01,3.103448e-01,6.308336e-01,6.308331e-01,4.172325e-07
2.758621e-01,3.448276e-01,6.733761e-01,6.733794e-01,3.278255e-06
2.758621e-01,3.793103e-01,7.080237e-01,7.080308e-01,7.152557e-06
2.758621e-01,4.137931e-01,7.343706e-01,7.343813e-01,1.060963e-05
2.758621e-01,4.482759e-01,7.521083e-01,7.521218e-01,1.353025e-05
2.758621e-01,4.827586e-01,7.610285e-01,7.610443e-01,1.585484e-05
2.758621e-01,5.172414e-01,7.610263e-01,7.610443e-01,1.806021e-05
2.758621e-01,5.517241e-01,7.521017e-01,7.521218e-01,2.008677e-05
2.758621e-01,5.862069e-01,7.343605e-01,7.343813e-01,2.080202e-05
2.758621e-01,6.206896e-01,7.080108e-01,7.080308e-01,2.002716e-05
2.758621e-01,6.551724e-01,6.733613e-01,6.733793e-01,1.800060e-05
2.758621e-01,6.896552e-01,6.308179e-01,6.308331e-01,1.519918e-05
2.758621e-01,7.241379e-01,5.808792e-01,5.808910e-01,1.180172e-05
2.758621e-01,7.586207e-01,5.241307e-01,5.241385e-01,7.748604e-06
2.758621e-01,7.931035e-01,4.612378e-01,4.612407e-01,2.950430e-06
2.758621e-01,8.275862e-01,3.929378e-01,3.929355e-01,2.294779e-06
2.758621e-01,8.620690e-01,3.200313e-01,3.200235e-01,7.748604e-06
2.758621e-01,8.965517e-01,2.433723e-01,2.433595e-01,1.282990e-05
2.758621e-01,9.310345e-01,1.638604e-01,1.638422e-01,1.825392e-05
2.758621e-01,9.655172e-01,8.243120e-02,8.240411e-02,2.709776e-05
2.758621e-01,1.000000e+00,4.223920e-05,-6.663033e-08,4.230583e-05
3.103448e-01,0.000000e+00,-5.029142e-08,0.000000e+00,5.029142e-08
3.103448e-01,3.448276e-02,8.949808e-02,8.948893e-02,9.149313e-06
3.103448e-01,6.896552e-02,1.779420e-01,1.779287e-01,1.332164e-05
3.103448e-01,1.034483e-01,2.642969e-01,2.642823e-01,1.460314e-05
3.103448e-01,1.379310e-01,3.475518e-01,3.475376e-01,1.415610e-05
3.103448e-01,1.724138e-01,4.267303e-01,4.267183e-01,1.198053e-05
3.103448e-01,2.068965e-01,5.009047e-01,5.008960e-01,8.642673e-06
3.103448e-01,2.413793e-01,5.692064e-01,5.692013e-01,5.066395e-06
3.103448e-01,2.758621e-01,6.308346e-01,6.308331e-01,1.430511e-06
3.103448e-01,3.103448e-01,6.850666e-01,6.850691e-01,2.503395e-06
3.103448e-01,3.448276e-01,7.312666e-01,7.312732e-01,6.675720e-06
3.103448e-01,3.793103e-01,7.688932e-01,7.689038e-01,1.055002e-05
3.103448e-01,4.137931e-01,7.975063e-01,7.975197e-01,1.341105e-05
3.103448e-01,4.482759e-01,8.167692e-01,8.167855e-01,1.627207e-05
3.103448e-01,4.827586e-01,8.264565e-01,8.264751e-01,1.859665e-05
3.103448e-01,5.172414e-01,8.264544e-01,8.264751e-01,2.074242e-05
3.103448e-01,5.517241e-01,8.167632e-01,8.167855e-01,2.229214e-05
3.103448e-01,5.862069e-01,7.974967e-01,7.975197e-01,2.300739e-05
3.103448e-01,6.206896e-01,7.688816e-01,7.689038e-01,2.217293e-05
3.103448e-01,6.551724e-01,7.312534e-01,7.312731e-01,1.966953e-05
3.103448e-01,6.896552e-01,6.850526e-01,6.850690e-01,1.639128e-05
3.103448e-01,7.241379e-01,6.308206e-01,6.308331e-01,1.257658e-05
3.103448e-01,7.586207e-01,5.691919e-01,5.692012e-01,9.357929e-06
3.103448e-01,7.931035e-01,5.008903e-01,5.008959e-01,5.602837e-06
3.103448e-01,8.275862e-01,4.267169e-01,4.267182e-01,1.281500e-06
3.103448e-01,8.620690e-01,3.475401e-01,3.475375e-01,2.622604e-06
3.103448e-01,8.965517e-01,2.642862e-01,2.642823e-01,3.814697e-06
3.103448e-01,9.310345e-01,1.779302e-01,1.779285e-01,1.683831e-06
3.103448e-01,9.655172e-01,8.948327e-02,8.948880e-02,5.535781e-06
3.103448e-01,1.000000e+00,-2.249144e-05,-7.235887e-08,2.241908e-05
3.448276e-01,0.000000e+00,9.307638e-06,0.000000e+00,9.307638e-06
3.448276e-01,3.448276e-02,9.554256e-02,9.552447e-02,1.809001e-05
3.448276e-01,6.896552e-02,1.899485e-01,1.899290e-01,1.953542e-05
3.448276e-01,1.034483e-01,2.821249e-01,2.821068e-01,1.817942e-05
3.448276e-01,1.379310e-01,3.709930e-01,3.709771e-01,1.585484e-05
3.448276e-01,1.724138e-01,4.555108e-01,4.554981e-01,1.269579e-05
3.448276e-01,2.068965e-01,5.346873e-01,5.346787e-01,8.583069e-06
3.448276e-01,2.413793e-01,6.075952e-01,6.075908e-01,4.410744e-06
3.448276e-01,2.758621e-01,6.733793e-01,6.733794e-01,1.192093e-07
3.448276e-01,3.103448e-01,7.312683e-01,7.312732e-01,4.887581e-06
3.448276e-01,3.448276e-01,7.805842e-01,7.805936e-01,9.357929e-06
3.448276e-01,3.793103e-01,8.207492e-01,8.207622e-01,1.299381e-05
3.448276e-01,4.137931e-01,8.512922e-01,8.513080e-01,1.585484e-05
3.448276e-01,4.482759e-01,8.718543e-01,8.718731e-01,1.883507e-05
3.448276e-01,4.827586e-01,8.821948e-01,8.822163e-01,2.157688e-05
3.448276e-01,5.172414e-01,8.821930e-01,8.822163e-01,2.336502e-05
3.448276e-01,5.517241e-01,8.718490e-01,8.718731e-01,2.413988e-05
3.448276e-01,5.862069e-01,8.512837e-01,8.513080e-01,2.431870e-05
3.448276e-01,6.206896e-01,8.207386e-01,8.207622e-01,2.354383e-05
3.448276e-01,6.551724e-01,7.805723e-01,7.805935e-01,2.121925e-05
3.448276e-01,6.896552e-01,7.312556e-01,7.312732e-01,1.758337e-05
3.448276e-01,7.241379e-01,6.733655e-01,6.733794e-01,1.388788e-05
3.448276e-01,7.586207e-01,6.075798e-01,6.075907e-01,1.090765e-05
3.448276e-01,7.931035e-01,5.346704e-01,5.346786e-01,8.165836e-06
3.448276e-01,8.275862e-01,4.554929e-01,4.554980e-01,5.066395e-06
3.448276e-01,8.620690e-01,3.709743e-01,3.709770e-01,2.771616e-06
3.448276e-01,8.965517e-01,2.821025e-01,2.821068e-01,4.291534e-06
3.448276e-01,9.310345e-01,1.899177e-01,1.899288e-01,1.114607e-05
3.448276e-01,9.655172e-01,9.549544e-02,9.552433e-02,2.889335e-05
3.448276e-01,1.000000e+00,-6.814860e-05,-7.723908e-08,6.807136e-05
3.793103e-01,0.000000e+00,3.121234e-05,0.000000e+00,3.121234e-05
3.793103e-01,3.448276e-02,1.004710e-01,1.004401e-01,3.097206e-05
3.793103e-01,6.896552e-02,1.997292e-01,1.997025e-01,2.664328e-05
3.793103e-01,1.034483e-01,2.966451e-01,2.966237e-01,2.142787e-05
3.793103e-01,1.379310e-01,3.900846e-01,3.900672e-01,1.737475e-05
3.793103e-01,1.724138e-01,4.789508e-01,4.789376e-01,1.323223e-05
3.793103e-01,2.068965e-01,5.622013e-01,5.621927e-01,8.583069e-06
3.793103e-01,2.413793e-01,6.388607e-01,6.388568e-01,3.874302e-06
3.793103e-01,2.758621e-01,7.080296e-01,7.080308e-01,1.192093e-06
3.793103e-01,3.103448e-01,7.688976e-01,7.689038e-01,6.198883e-06
3.793103e-01,3.448276e-01,8.207517e-01,8.207622e-01,1.049042e-05
3.793103e-01,3.793103e-01,8.629837e-01,8.629977e-01,1.400709e-05
3.793103e-01,4.137931e-01,8.950979e-01,8.951155e-01,1.758337e-05
3.793103e-01,4.482759e-01,9.167178e-01,9.167389e-01,2.110004e-05
3.793103e-01,4.827586e-01,9.275901e-01,9.276143e-01,2.419949e-05
3.793103e-01,5.172414e-01,9.275889e-01,9.276143e-01,2.545118e-05
3.793103e-01,5.517241e-01,9.167134e-01,9.167389e-01,2.545118e-05
3.793103e-01,5.862069e-01,8.950907e-01,8.951155e-01,2.479553e-05
3.793103e-01,6.206896e-01,8.629740e-01,8.629977e-01,2.366304e-05
3.793103e-01,6.551724e-01,8.207400e-01,8.207620e-01,2.199411e-05
3.793103e-01,6.896552e-01,7.688849e-01,7.689037e-01,1.883507e-05
3.793103e-01,7.241379e-01,7.080156e-01,7.080308e-01,1.519918e-05
3.793103e-01,7.586207e-01,6.388442e-01,6.388568e-01,1.257658e-05
3.793103e-01,7.931035e-01,5.621824e-01,5.621926e-01,1.019239e-05
3.793103e-01,8.275862e-01,4.789298e-01,4.789374e-01,7.629395e-06
3.793103e-01,8.620690e-01,3.900613e-01,3.900671e-01,5.781651e-06
3.793103e-01,8.965517e-01,2.966157e-01,2.966237e-01,8.016825e-06
3.793103e-01,9.310345e-01,1.996873e-01,1.997024e-01,1.502037e-05
3.793103e-01,9.655172e-01,1.004065e-01,1.004399e-01,3.344566e-05
3.793103e-01,1.000000e+00,-7.473491e-05,-8.121373e-08,7.465370e-05
4.137931e-01,0.000000e+00,6.128289e-05,0.000000e+00,6.128289e-05
4.137931e-01,3.448276e-02,1.042231e-01,1.041781e-01,4.499406e-05
4.137931e-01,6.896552e-02,2.071673e-01,2.071348e-01,3.251433e-05
4.137931e-01,1.034483e-01,3.076865e-01,3.076630e-01,2.354383e-05
4.137931e-01,1.379310e-01,4.046019e-01,4.045841e-01,1.773238e-05
4.137931e-01,1.724138e-01,4.967749e-01,4.967619e-01,1.296401e-05
4.137931e-01,2.068965e-01,5.831234e-01,5.831156e-01,7.808208e-06
4.137931e-01,2.413793e-01,6.626357e-01,6.626328e-01,2.861023e-06
4.137931e-01,2.758621e-01,7.343789e-01,7.343813e-01,2.384186e-06
4.137931e-01,3.103448e-01,7.975123e-01,7.975197e-01,7.390976e-06
4.137931e-01,3.448276e-01,8.512964e-01,8.513080e-01,1.162291e-05
4.137931e-01,3.793103e-01,8.951001e-01,8.951155e-01,1.543760e-05
4.137931e-01,4.137931e-01,9.284093e-01,9.284285e-01,1.919270e-05
4.137931e-01,4.482759e-01,9.508334e-01,9.508567e-01,2.324581e-05
4.137931e-01,4.827586e-01,9.621108e-01,9.621369e-01,2.610683e-05
4.137931e-01,5.172414e-01,9.621094e-01,9.621369e-01,2.741814e-05
4.137931e-01,5.517241e-01,9.508295e-01,9.508567e-01,2.717972e-05
4.137931e-01,5.862069e-01,9.284025e-01,9.284285e-01,2.598763e-05
4.137931e-01,6.206896e-01,8.950907e-01,8.951155e-01,2.479553e-05
4.137931e-01,6.551724e-01,8.512847e-01,8.513079e-01,2.318621e-05
4.137931e-01,6.896552e-01,7.974989e-01,7.975196e-01,2.068281e-05
4.137931e-01,7.241379e-01,7.343640e-01,7.343812e-01,1.722574e-05
4.137931e-01,7.586207e-01,6.626186e-01,6.626328e-01,1.412630e-05
4.137931e-01,7.931035e-01,5.831040e-01,5.831155e-01,1.150370e-05
4.137931e-01,8.275862e-01,4.967535e-01,4.967618e-01,8.314848e-06
4.137931e-01,8.620690e-01,4.045783e-01,4.045841e-01,5.811453e-06
4.137931e-01,8.965517e-01,3.076565e-01,3.076630e-01,6.437302e-06
4.137931e-01,9.310345e-01,2.071254e-01,2.071346e-01,9.208918e-06
4.137931e-01,9.655172e-01,1.041592e-01,1.041779e-01,1.879036e-05
4.137931e-01,1.000000e+00,-4.171394e-05,-8.423621e-08,4.162970e-05
4.482759e-01,0.000000e+00,8.542277e-05,0.000000e+00,8.542277e-05
4.482759e-01,3.448276e-02,1.067481e-01,1.066947e-01,5.339086e-05
4.482759e-01,6.896552e-02,2.121731e-01,2.121385e-01,3.460050e-05
4.482759e-01,1.034483e-01,3.151183e-01,3.150952e-01,2.312660e-05
4.482759e-01,1.379310e-01,4.143742e-01,4.143577e-01,1.651049e-05
4.482759e-01,1.724138e-01,5.087735e-01,5.087622e-01,1.126528e-05
4.482759e-01,2.068965e-01,5.972081e-01,5.972019e-01,6.198883e-06
4.482759e-01,2.413793e-01,6.786414e-01,6.786401e-01,1.251698e-06
4.482759e-01,2.758621e-01,7.521178e-01,7.521218e-01,4.053116e-06
4.482759e-01,3.103448e-01,8.167763e-01,8.167855e-01,9.179115e-06
4.482759e-01,3.448276e-01,8.718598e-01,8.718731e-01,1.335144e-05
4.482759e-01,3.793103e-01,9.167213e-01,9.167389e-01,1.752377e-05
4.482759e-01,4.137931e-01,9.508352e-01,9.508567e-01,2.151728e-05
4.482759e-01,4.482759e-01,9.738017e-01,9.738266e-01,2.491474e-05
4.482759e-01,4.827586e-01,9.853520e-01,9.853793e-01,2.723932e-05
4.482759e-01,5.172414e-01,9.853506e-01,9.853793e-01,2.866983e-05
4.482759e-01,5.517241e-01,9.737974e-01,9.738266e-01,2.920628e-05
4.482759e-01,5.862069e-01,9.508281e-01,9.508567e-01,2.861023e-05
4.482759e-01,6.206896e-01,9.167116e-01,9.167389e-01,2.729893e-05
4.482759e-01,6.551724e-01,8.718477e-01,8.718730e-01,2.533197e-05
4.482759e-01,6.896552e-01,8.167625e-01,8.167854e-01,2.288818e-05
4.482759e-01,7.241379e-01,7.521024e-01,7.521217e-01,1.937151e-05
4.482759e-01,7.586207e-01,6.786243e-01,6.786401e-01,1.573563e-05
4.482759e-01,7.931035e-01,5.971898e-01,5.972018e-01,1.198053e-05
4.482759e-01,8.275862e-01,5.087546e-01,5.087621e-01,7.510185e-06
4.482759e-01,8.620690e-01,4.143544e-01,4.143576e-01,3.188848e-06
4.482759e-01,8.965517e-01,3.150945e-01,3.150952e-01,7.152557e-07
4.482759e-01,9.310345e-01,2.121409e-01,2.121383e-01,2.563000e-06
4.482759e-01,9.655172e-01,1.067017e-01,1.066946e-01,7.100403e-06
4.482759e-01,1.000000e+00,1.285411e-05,-8.627111e-08,1.294039e-05
4.827586e-01,0.000000e+00,8.658506e-05,0.000000e+00,8.658506e-05
4.827586e-01,3.448276e-02,1.080099e-01,1.079605e-01,4.941970e-05
4.827586e-01,6.896552e-02,2.146851e-01,2.146552e-01,2.992153e-05
4.827586e-01,1.034483e-01,3.188522e-01,3.188332e-01,1.901388e-05
4.827586e-01,1.379310e-01,4.192862e-01,4.192733e-01,1.290441e-05
4.827586e-01,1.724138e-01,5.148059e-01,5.147978e-01,8.046627e-06
4.827586e-01,2.068965e-01,6.042899e-01,6.042867e-01,3.278255e-06
4.827586e-01,2.413793e-01,6.866896e-01,6.866909e-01,1.311302e-06
4.827586e-01,2.758621e-01,7.610381e-01,7.610443e-01,6.258488e-06
4.827586e-01,3.103448e-01,8.264642e-01,8.264751e-01,1.090765e-05
4.827586e-01,3.448276e-01,8.822011e-01,8.822163e-01,1.525879e-05
4.827586e-01,3.793103e-01,9.275945e-01,9.276143e-01,1.978874e-05
4.827586e-01,4.137931e-01,9.621134e-01,9.621369e-01,2.348423e-05
4.827586e-01,4.482759e-01,9.853531e-01,9.853793e-01,2.616644e-05
4.827586e-01,4.827586e-01,9.970411e-01,9.970690e-01,2.789497e-05
4.827586e-01,5.172414e-01,9.970396e-01,9.970690e-01,2.944469e-05
4.827586e-01,5.517241e-01,9.853485e-01,9.853793e-01,3.081560e-05
4.827586e-01,5.862069e-01,9.621059e-01,9.621369e-01,3.093481e-05
4.827586e-01,6.206896e-01,9.275846e-01,9.276143e-01,2.968311e-05
4.827586e-01,6.551724e-01,8.821886e-01,8.822162e-01,2.759695e-05
4.827586e-01,6.896552e-01,8.264501e-01,8.264751e-01,2.497435e-05
4.827586e-01,7.241379e-01,7.610232e-01,7.610443e-01,2.110004e-05
4.827586e-01,7.586207e-01,6.866739e-01,6.866909e-01,1.698732e-05
4.827586e-01,7.931035e-01,6.042740e-01,6.042866e-01,1.251698e-05
4.827586e-01,8.275862e-01,5.147908e-01,5.147977e-01,6.914139e-06
4.827586e-01,8.620690e-01,4.192725e-01,4.192732e-01,7.450581e-07
4.827586e-01,8.965517e-01,3.188378e-01,3.188332e-01,4.589558e-06
4.827586e-01,9.310345e-01,2.146686e-01,2.146550e-01,1.366436e-05
4.827586e-01,9.655172e-01,1.079905e-01,1.079603e-01,3.022701e-05
4.827586e-01,1.000000e+00,6.143190e-05,-8.729457e-08,6.151920e-05
5.172414e-01,0.000000e+00,5.568005e-05,0.000000e+00,5.568005e-05
5.172414e-01,3.448276e-02,1.079906e-01,1.079605e-01,3.010780e-05
5.172414e-01,6.896552e-02,2.146732e-01,2.146552e-01,1.800060e-05
5.172414e-01,1.034483e-01,3.188446e-01,3.188332e-01,1.138449e-05
5.172414e-01,1.379310e-01,4.192809e-01,4.192733e-01,7.569790e-06
5.172414e-01,1.724138e-01,5.148015e-01,5.147978e-01,3.695488e-06
5.172414e-01,2.068965e-01,6.042866e-01,6.042867e-01,1.192093e-07
5.172414e-01,2.413793e-01,6.866871e-01,6.866909e-01,3.874302e-06
5.172414e-01,2.758621e-01,7.610363e-01,7.610443e-01,8.046627e-06
5.172414e-01,3.103448e-01,8.264630e-01,8.264751e-01,1.215935e-05
5.172414e-01,3.448276e-01,8.822000e-01,8.822163e-01,1.633167e-05
5.172414e-01,3.793103e-01,9.275936e-01,9.276143e-01,2.074242e-05
5.172414e-01,4.137931e-01,9.621127e-01,9.621369e-01,2.413988e-05
5.172414e-01,4.482759e-01,9.853526e-01,9.853793e-01,2.664328e-05
5.172414e-01,4.827586e-01,9.970406e-01,9.970690e-01,2.837181e-05
5.172414e-01,5.172414e-01,9.970388e-01,9.970690e-01,3.015995e-05
5.172414e-01,5.517241e-01,9.853477e-01,9.853793e-01,3.153086e-05
5.172414e-01,5.862069e-01,9.621052e-01,9.621369e-01,3.165007e-05
5.172414e-01,6.206896e-01,9.275843e-01,9.276143e-01,3.004074e-05
5.172414e-01,6.551724e-01,8.821881e-01,8.822162e-01,2.807379e-05
5.172414e-01,6.896552e-01,8.264498e-01,8.264751e-01,2.533197e-05
5.172414e-01,7.241379e-01,7.610223e-01,7.610443e-01,2.193451e-05
5.172414e-01,7.586207e-01,6.866729e-01,6.866909e-01,1.794100e-05
5.172414e-01,7.931035e-01,6.042731e-01,6.042866e-01,1.347065e-05
5.172414e-01,8.275862e-01,5.147902e-01,5.147977e-01,7.450581e-06
5.172414e-01,8.620690e-01,4.192725e-01,4.192732e-01,7.450581e-07
5.172414e-01,8.965517e-01,3.188393e-01,3.188332e-01,6.079674e-06
5.172414e-01,9.310345e-01,2.146729e-01,2.146550e-01,1.795590e-05
5.172414e-01,9.655172e-01,1.080003e-01,1.079603e-01,3.997236e-05
5.172414e-01,1.000000e+00,8.089282e-05,-8.729457e-08,8.098011e-05
5.517241e-01,0.000000e+00,-9.741634e-07,0.000000e+00,9.741634e-07
5.517241e-01,3.448276e-02,1.066943e-01,1.066947e-01,4.023314e-07
5.517241e-01,6.896552e-02,2.121393e-01,2.121385e-01,7.897615e-07
5.517241e-01,1.034483e-01,3.150965e-01,3.150952e-01,1.311302e-06
5.517241e-01,1.379310e-01,4.143590e-01,4.143577e-01,1.311302e-06
5.517241e-01,1.724138e-01,5.087616e-01,5.087622e-01,5.960464e-07
5.517241e-01,2.068965e-01,5.971987e-01,5.972019e-01,3.278255e-06
5.517241e-01,2.413793e-01,6.786339e-01,6.786401e-01,6.198883e-06
5.517241e-01,2.758621e-01,7.521125e-01,7.521218e-01,9.298325e-06
5.517241e-01,3.103448e-01,8.167728e-01,8.167855e-01,1.269579e-05
5.517241e-01,3.448276e-01,8.718569e-01,8.718731e-01,1.627207e-05
5.517241e-01,3.793103e-01,9.167188e-01,9.167389e-01,2.008677e-05
5.517241e-01,4.137931e-01,9.508328e-01,9.508567e-01,2.390146e-05
5.517241e-01,4.482759e-01,9.737997e-01,9.738266e-01,2.694130e-05
5.517241e-01,4.827586e-01,9.853501e-01,9.853793e-01,2.914667e-05
5.517241e-01,5.172414e-01,9.853487e-01,9.853793e-01,3.057718e-05
5.517241e-01,5.517241e-01,9.737954e-01,9.738266e-01,3.123283e-05
5.517241e-01,5.862069e-01,9.508262e-01,9.508567e-01,3.051758e-05
5.517241e-01,6.206896e-01,9.167098e-01,9.167389e-01,2.908707e-05
5.517241e-01,6.551724e-01,8.718458e-01,8.718730e-01,2.723932e-05
5.517241e-01,6.896552e-01,8.167603e-01,8.167854e-01,2.509356e-05
5.517241e-01,7.241379e-01,7.520996e-01,7.521217e-01,2.211332e-05
5.517241e-01,7.586207e-01,6.786214e-01,6.786401e-01,1.871586e-05
5.517241e-01,7.931035e-01,5.971871e-01,5.972018e-01,1.472235e-05
5.517241e-01,8.275862e-01,5.087526e-01,5.087621e-01,9.536743e-06
5.517241e-01,8.620690e-01,4.143541e-01,4.143576e-01,3.486872e-06
5.517241e-01,8.965517e-01,3.150980e-01,3.150952e-01,2.771616e-06
5.517241e-01,9.310345e-01,2.121519e-01,2.121383e-01,1.351535e-05
5.517241e-01,9.655172e-01,1.067269e-01,1.066946e-01,3.228337e-05
5.517241e-01,1.000000e+00,6.411411e-05,-8.627111e-08,6.420038e-05
5.862069e-01,0.000000e+00,-6.156228e-05,0.000000e+00,6.156228e-05
5.862069e-01,3.448276e-02,1.041457e-01,1.041781e-01,3.243238e-05
5.862069e-01,6.896552e-02,2.071183e-01,2.071348e-01,1.651049e-05
5.862069e-01,1.034483e-01,3.076544e-01,3.076630e-01,8.523464e-06
5.862069e-01,1.379310e-01,4.045794e-01,4.045841e-01,4.738569e-06
5.862069e-01,1.724138e-01,4.967577e-01,4.967619e-01,4.202127e-06
5.862069e-01,2.068965e-01,5.831100e-01,5.831156e-01,5.543232e-06
5.862069e-01,2.413793e-01,6.626255e-01,6.626328e-01,7.331371e-06
5.862069e-01,2.758621e-01,7.343715e-01,7.343813e-01,9.715557e-06
5.862069e-01,3.103448e-01,7.975068e-01,7.975197e-01,1.287460e-05
5.862069e-01,3.448276e-01,8.512919e-01,8.513080e-01,1.615286e-05
5.862069e-01,3.793103e-01,8.950959e-01,8.951155e-01,1.960993e-05
5.862069e-01,4.137931e-01,9.284053e-01,9.284285e-01,2.324581e-05
5.862069e-01,4.482759e-01,9.508299e-01,9.508567e-01,2.682209e-05
5.862069e-01,4.827586e-01,9.621075e-01,9.621369e-01,2.938509e-05
5.862069e-01,5.172414e-01,9.621063e-01,9.621369e-01,3.051758e-05
5.862069e-01,5.517241e-01,9.508264e-01,9.508567e-01,3.027916e-05
5.862069e-01,5.862069e-01,9.283995e-01,9.284285e-01,2.902746e-05
5.862069e-01,6.206896e-01,8.950874e-01,8.951155e-01,2.813339e-05
5.862069e-01,6.551724e-01,8.512810e-01,8.513079e-01,2.694130e-05
5.862069e-01,6.896552e-01,7.974948e-01,7.975196e-01,2.485514e-05
5.862069e-01,7.241379e-01,7.343591e-01,7.343812e-01,2.205372e-05
5.862069e-01,7.586207e-01,6.626136e-01,6.626328e-01,1.913309e-05
5.862069e-01,7.931035e-01,5.830993e-01,5.831155e-01,1.615286e-05
5.862069e-01,8.275862e-01,4.967498e-01,4.967618e-01,1.206994e-05
5.862069e-01,8.620690e-01,4.045764e-01,4.045841e-01,7.659197e-06
5.862069e-01,8.965517e-01,3.076596e-01,3.076630e-01,3.337860e-06
5.862069e-01,9.310345e-01,2.071380e-01,2.071346e-01,3.397465e-06
5.862069e-01,9.655172e-01,1.041900e-01,1.041779e-01,1.202524e-05
5.862069e-01,1.000000e+00,2.188422e-05,-8.423621e-08,2.196845e-05
6.206896e-01,0.000000e+00,-1.009014e-04,0.000000e+00,1.009014e-04
6.206896e-01,3.448276e-02,1.003866e-01,1.004401e-01,5.345792e-05
6.206896e-01,6.896552e-02,1.996742e-01,1.997025e-01,2.837181e-05
6.206896e-01,1.034483e-01,2.966084e-01,2.966237e-01,1.531839e-05
6.206896e-01,1.379310e-01,3.900586e-01,3.900672e-01,8.642673e-06
6.206896e-01,1.724138e-01,4.789312e-01,4.789376e-01,6.318092e-06
6.206896e-01,2.068965e-01,5.621861e-01,5.621927e-01,6.616116e-06
6.206896e-01,2.413793e-01,6.388488e-01,6.388568e-01,7.987022e-06
6.206896e-01,2.758621e-01,7.080207e-01,7.080308e-01,1.007318e-05
6.206896e-01,3.103448e-01,7.688907e-01,7.689038e-01,1.305342e-05
6.206896e-01,3.448276e-01,8.207454e-01,8.207622e-01,1.674891e-05
6.206896e-01,3.793103e-01,8.629776e-01,8.629977e-01,2.014637e-05
6.206896e-01,4.137931e-01,8.950920e-01,8.951155e-01,2.354383e-05
6.206896e-01,4.482759e-01,9.167123e-01,9.167389e-01,2.658367e-05
6.206896e-01,4.827586e-01,9.275850e-01,9.276143e-01,2.932549e-05
6.206896e-01,5.172414e-01,9.275843e-01,9.276143e-01,3.004074e-05
6.206896e-01,5.517241e-01,9.167092e-01,9.167389e-01,2.968311e-05
6.206896e-01,5.862069e-01,8.950865e-01,8.951155e-01,2.902746e-05
6.206896e-01,6.206896e-01,8.629690e-01,8.629977e-01,2.872944e-05
6.206896e-01,6.551724e-01,8.207343e-01,8.207620e-01,2.771616e-05
6.206896e-01,6.896552e-01,7.688783e-01,7.689037e-01,2.539158e-05
6.206896e-01,7.241379e-01,7.080084e-01,7.080308e-01,2.235174e-05
6.206896e-01,7.586207e-01,6.388372e-01,6.388568e-01,1.955032e-05
6.206896e-01,7.931035e-01,5.621759e-01,5.621926e-01,1.674891e-05
6.206896e-01,8.275862e-01,4.789241e-01,4.789374e-01,1.335144e-05
6.206896e-01,8.620690e-01,3.900567e-01,3.900671e-01,1.040101e-05
6.206896e-01,8.965517e-01,2.966152e-01,2.966237e-01,8.493662e-06
6.206896e-01,9.310345e-01,1.996953e-01,1.997024e-01,7.063150e-06
6.206896e-01,9.655172e-01,1.004298e-01,1.004399e-01,1.011044e-05
6.206896e-01,1.000000e+00,-2.356432e-05,-8.121373e-08,2.348311e-05
6.551724e-01,0.000000e+00,-1.006033e-04,0.000000e+00,1.006033e-04
6.551724e-01,3.448276e-02,9.546966e-02,9.552445e-02,5.479157e-05
6.551724e-01,6.896552e-02,1.898988e-01,1.899290e-01,3.013015e-05
6.551724e-01,1.034483e-01,2.820900e-01,2.821067e-01,1.671910e-05
6.551724e-01,1.379310e-01,3.709675e-01,3.709771e-01,9.596348e-06
6.551724e-01,1.724138e-01,4.554911e-01,4.554980e-01,6.914139e-06
6.551724e-01,2.068965e-01,5.346717e-01,5.346786e-01,6.914139e-06
6.551724e-01,2.413793e-01,6.075824e-01,6.075907e-01,8.285046e-06
6.551724e-01,2.758621e-01,6.733691e-01,6.733793e-01,1.025200e-05
6.551724e-01,3.103448e-01,7.312595e-01,7.312731e-01,1.364946e-05
6.551724e-01,3.448276e-01,7.805761e-01,7.805935e-01,1.746416e-05
6.551724e-01,3.793103e-01,8.207410e-01,8.207620e-01,2.104044e-05
6.551724e-01,4.137931e-01,8.512840e-01,8.513079e-01,2.390146e-05
6.551724e-01,4.482759e-01,8.718466e-01,8.718730e-01,2.646446e-05
6.551724e-01,4.827586e-01,8.821881e-01,8.822162e-01,2.813339e-05
6.551724e-01,5.172414e-01,8.821872e-01,8.822162e-01,2.896786e-05
6.551724e-01,5.517241e-01,8.718438e-01,8.718730e-01,2.926588e-05
6.551724e-01,5.862069e-01,8.512782e-01,8.513079e-01,2.968311e-05
6.551724e-01,6.206896e-01,8.207325e-01,8.207620e-01,2.956390e-05
6.551724e-01,6.551724e-01,7.805651e-01,7.805934e-01,2.825260e-05
6.551724e-01,6.896552e-01,7.312474e-01,7.312731e-01,2.563000e-05
6.551724e-01,7.241379e-01,6.733570e-01,6.733792e-01,2.223253e-05
6.551724e-01,7.586207e-01,6.075715e-01,6.075907e-01,1.919270e-05
6.551724e-01,7.931035e-01,5.346623e-01,5.346785e-01,1.621246e-05
6.551724e-01,8.275862e-01,4.554847e-01,4.554979e-01,1.317263e-05
6.551724e-01,8.620690e-01,3.709662e-01,3.709770e-01,1.078844e-05
6.551724e-01,8.965517e-01,2.820960e-01,2.821067e-01,1.072884e-05
6.551724e-01,9.310345e-01,1.899154e-01,1.899288e-01,1.339614e-05
6.551724e-01,9.655172e-01,9.550066e-02,9.552432e-02,2.366304e-05
6.551724e-01,1.000000e+00,-5.047582e-05,-7.723907e-08,5.039858e-05
6.896552e-01,0.000000e+00,-6.078742e-05,0.000000e+00,6.078742e-05
6.896552e-01,3.448276e-02,8.945353e-02,8.948892e-02,3.539771e-05
6.896552e-01,6.896552e-02,1.779078e-01,1.779287e-01,2.086163e-05
6.896552e-01,1.034483e-01,2.642701e-01,2.642823e-01,1.224875e-05
6.896552e-01,1.379310e-01,3.475301e-01,3.475376e-01,7.510185e-06
6.896552e-01,1.724138e-01,4.267123e-01,4.267183e-01,5.960464e-06
6.896552e-01,2.068965e-01,5.008893e-01,5.008960e-01,6.675720e-06
6.896552e-01,2.413793e-01,5.691931e-01,5.692013e-01,8.165836e-06
6.896552e-01,2.758621e-01,6.308230e-01,6.308331e-01,1.019239e-05
6.896552e-01,3.103448e-01,6.850557e-01,6.850690e-01,1.329184e-05
6.896552e-01,3.448276e-01,7.312559e-01,7.312732e-01,1.728535e-05
6.896552e-01,3.793103e-01,7.688826e-01,7.689037e-01,2.115965e-05
6.896552e-01,4.137931e-01,7.974960e-01,7.975196e-01,2.366304e-05
6.896552e-01,4.482759e-01,8.167600e-01,8.167854e-01,2.539158e-05
6.896552e-01,4.827586e-01,8.264483e-01,8.264751e-01,2.676249e-05
6.896552e-01,5.172414e-01,8.264475e-01,8.264751e-01,2.759695e-05
6.896552e-01,5.517241e-01,8.167573e-01,8.167854e-01,2.813339e-05
6.896552e-01,5.862069e-01,7.974908e-01,7.975196e-01,2.878904e-05
6.896552e-01,6.206896e-01,7.688753e-01,7.689037e-01,2.843142e-05
6.896552e-01,6.551724e-01,7.312460e-01,7.312731e-01,2.706051e-05
6.896552e-01,6.896552e-01,6.850444e-01,6.850690e-01,2.455711e-05
6.896552e-01,7.241379e-01,6.308115e-01,6.308331e-01,2.157688e-05
6.896552e-01,7.586207e-01,5.691826e-01,5.692012e-01,1.865625e-05
6.896552e-01,7.931035e-01,5.008804e-01,5.008959e-01,1.549721e-05
6.896552e-01,8.275862e-01,4.267059e-01,4.267181e-01,1.224875e-05
6.896552e-01,8.620690e-01,3.475274e-01,3.475375e-01,1.007318e-05
6.896552e-01,8.965517e-01,2.642722e-01,2.642823e-01,1.013279e-05
6.896552e-01,9.310345e-01,1.779152e-01,1.779285e-01,1.333654e-05
6.896552e-01,9.655172e-01,8.946539e-02,8.948880e-02,2.340972e-05
6.896552e-01,1.000000e+00,-4.719757e-05,-7.235887e-08,4.712521e-05
7.241379e-01,0.000000e+00,1.618639e-06,0.000000e+00,1.618639e-06
7.241379e-01,3.448276e-02,8.240128e-02,8.240422e-02,2.935529e-06
7.241379e-01,6.896552e-02,1.638387e-01,1.638423e-01,3.620982e-06
7.241379e-01,1.034483e-01,2.433564e-01,2.433595e-01,3.069639e-06
7.241379e-01,1.379310e-01,3.200205e-01,3.200235e-01,3.039837e-06
7.241379e-01,1.724138e-01,3.929321e-01,3.929356e-01,3.546476e-06
7.241379e-01,2.068965e-01,4.612355e-01,4.612408e-01,5.334616e-06
7.241379e-01,2.413793e-01,5.241309e-01,5.241385e-01,7.510185e-06
7.241379e-01,2.758621e-01,5.808812e-01,5.808910e-01,9.834766e-06
7.241379e-01,3.103448e-01,6.308201e-01,6.308331e-01,1.305342e-05
7.241379e-01,3.448276e-01,6.733626e-01,6.733794e-01,1.680851e-05
7.241379e-01,3.793103e-01,7.080107e-01,7.080308e-01,2.008677e-05
7.241379e-01,4.137931e-01,7.343584e-01,7.343812e-01,2.282858e-05
7.241379e-01,4.482759e-01,7.520974e-01,7.521217e-01,2.431870e-05
7.241379e-01,4.827586e-01,7.610188e-01,7.610443e-01,2.545118e-05
7.241379e-01,5.172414e-01,7.610183e-01,7.610443e-01,2.592802e-05
7.241379e-01,5.517241e-01,7.520954e-01,7.521217e-01,2.634525e-05
7.241379e-01,5.862069e-01,7.343551e-01,7.343812e-01,2.610683e-05
7.241379e-01,6.206896e-01,7.080053e-01,7.080308e-01,2.545118e-05
7.241379e-01,6.551724e-01,6.733554e-01,6.733792e-01,2.384186e-05
7.241379e-01,6.896552e-01,6.308112e-01,6.308331e-01,2.193451e-05
7.241379e-01,7.241379e-01,5.808712e-01,5.808910e-01,1.978874e-05
7.241379e-01,7.586207e-01,5.241210e-01,5.241384e-01,1.734495e-05
7.241379e-01,7.931035e-01,4.612261e-01,4.612407e-01,1.457334e-05
7.241379e-01,8.275862e-01,3.929237e-01,3.929355e-01,1.177192e-05
7.241379e-01,8.620690e-01,3.200145e-01,3.200235e-01,9.000301e-06
7.241379e-01,8.965517e-01,2.433518e-01,2.433595e-01,7.688999e-06
7.241379e-01,9.310345e-01,1.638342e-01,1.638422e-01,8.001924e-06
7.241379e-01,9.655172e-01,8.239336e-02,8.240410e-02,1.074374e-05
7.241379e-01,1.000000e+00,-1.772307e-05,-6.663032e-08,1.765644e-05
7.586207e-01,0.000000e+00,5.907752e-05,0.000000e+00,5.907752e-05
7.586207e-01,3.448276e-02,7.438195e-02,7.435340e-02,2.855808e-05
7.586207e-01,6.896552e-02,1.478492e-01,1.478351e-01,1.415610e-05
7.586207e-01,1.034483e-01,2.195903e-01,2.195835e-01,6.794930e-06
7.586207e-01,1.379310e-01,2.887603e-01,2.887575e-01,2.771616e-06
7.586207e-01,1.724138e-01,3.545459e-01,3.545461e-01,2.384186e-07
7.586207e-01,2.068965e-01,4.161750e-01,4.161780e-01,2.980232e-06
7.586207e-01,2.413793e-01,4.729245e-01,4.729306e-01,6.079674e-06
7.586207e-01,2.758621e-01,5.241292e-01,5.241385e-01,9.238720e-06
7.586207e-01,3.103448e-01,5.691883e-01,5.692012e-01,1.293421e-05
7.586207e-01,3.448276e-01,6.075741e-01,6.075907e-01,1.662970e-05
7.586207e-01,3.793103e-01,6.388369e-01,6.388568e-01,1.990795e-05
7.586207e-01,4.137931e-01,6.626101e-01,6.626328e-01,2.264977e-05
7.586207e-01,4.482759e-01,6.786155e-01,6.786401e-01,2.461672e-05
7.586207e-01,4.827586e-01,6.866654e-01,6.866909e-01,2.545118e-05
7.586207e-01,5.172414e-01,6.866655e-01,6.866909e-01,2.539158e-05
7.586207e-01,5.517241e-01,6.786151e-01,6.786401e-01,2.497435e-05
7.586207e-01,5.862069e-01,6.626090e-01,6.626328e-01,2.378225e-05
7.586207e-01,6.206896e-01,6.388344e-01,6.388568e-01,2.235174e-05
7.586207e-01,6.551724e-01,6.075700e-01,6.075907e-01,2.068281e-05
7.586207e-01,6.896552e-01,5.691822e-01,5.692012e-01,1.907349e-05
7.586207e-01,7.241379e-01,5.241207e-01,5.241384e-01,1.764297e-05
7.586207e-01,7.586207e-01,4.729148e-01,4.729305e-01,1.576543e-05
7.586207e-01,7.931035e-01,4.161644e-01,4.161779e-01,1.347065e-05
7.586207e-01,8.275862e-01,3.545351e-01,3.545460e-01,1.090765e-05
7.586207e-01,8.620690e-01,2.887496e-01,2.887574e-01,7.808208e-06
7.586207e-01,8.965517e-01,2.195793e-01,2.195835e-01,4.202127e-06
7.586207e-01,9.310345e-01,1.478347e-01,1.478349e-01,2.384186e-07
7.586207e-01,9.655172e-01,7.435999e-02,7.435329e-02,6.698072e-06
7.586207e-01,1.000000e+00,2.015568e-05,-6.012059e-08,2.021580e-05
7.931035e-01,0.000000e+00,8.697249e-05,0.000000e+00,8.697249e-05
7.931035e-01,3.448276e-02,6.547577e-02,6.543083e-02,4.494190e-05
7.931035e-01,6.896552e-02,1.301187e-01,1.300945e-01,2.413988e-05
7.931035e-01,1.034483e-01,1.932461e-01,1.932330e-01,1.312792e-05
7.931035e-01,1.379310e-01,2.541131e-01,2.541060e-01,7.122755e-06
7.931035e-01,1.724138e-01,3.120032e-01,3.119999e-01,3.308058e-06
7.931035e-01,2.068965e-01,3.662356e-01,3.662357e-01,1.192093e-07
7.931035e-01,2.413793e-01,4.161739e-01,4.161779e-01,3.963709e-06
7.931035e-01,2.758621e-01,4.612324e-01,4.612407e-01,8.344650e-06
7.931035e-01,3.103448e-01,5.008829e-01,5.008959e-01,1.299381e-05
7.931035e-01,3.448276e-01,5.346614e-01,5.346786e-01,1.716614e-05
7.931035e-01,3.793103e-01,5.621718e-01,5.621926e-01,2.080202e-05
7.931035e-01,4.137931e-01,5.830920e-01,5.831155e-01,2.342463e-05
7.931035e-01,4.482759e-01,5.971764e-01,5.972018e-01,2.539158e-05
7.931035e-01,4.827586e-01,6.042606e-01,6.042866e-01,2.598763e-05
7.931035e-01,5.172414e-01,6.042609e-01,6.042866e-01,2.563000e-05
7.931035e-01,5.517241e-01,5.971778e-01,5.972018e-01,2.402067e-05
7.931035e-01,5.862069e-01,5.830934e-01,5.831155e-01,2.205372e-05
7.931035e-01,6.206896e-01,5.621725e-01,5.621926e-01,2.014637e-05
7.931035e-01,6.551724e-01,5.346602e-01,5.346785e-01,1.835823e-05
7.931035e-01,6.896552e-01,5.008792e-01,5.008959e-01,1.668930e-05
7.931035e-01,7.241379e-01,4.612254e-01,4.612407e-01,1.528859e-05
7.931035e-01,7.586207e-01,4.161642e-01,4.161779e-01,1.364946e-05
7.931035e-01,7.931035e-01,3.662239e-01,3.662356e-01,1.177192e-05
7.931035e-01,8.275862e-01,3.119901e-01,3.119998e-01,9.626150e-06
7.931035e-01,8.620690e-01,2.541001e-01,2.541060e-01,5.811453e-06
7.931035e-01,8.965517e-01,1.932319e-01,1.932330e-01,1.057982e-06
7.931035e-01,9.310345e-01,1.301001e-01,1.300944e-01,5.722046e-06
7.931035e-01,9.655172e-01,6.544942e-02,6.543074e-02,1.868606e-05
7.931035e-01,1.000000e+00,4.542805e-05,-5.290600e-08,4.548096e-05
8.275862e-01,0.000000e+00,7.475354e-05,0.000000e+00,7.475354e-05
8.275862e-01,3.448276e-02,5.578098e-02,5.574117e-02,3.981218e-05
8.275862e-01,6.896552e-02,1.108514e-01,1.108288e-01,2.252311e-05
8.275862e-01,1.034483e-01,1.646303e-01,1.646171e-01,1.315773e-05
8.275862e-01,1.379310e-01,2.164836e-01,2.164754e-01,8.150935e-06
8.275862e-01,1.724138e-01,2.658010e-01,2.657958e-01,5.245209e-06
8.275862e-01,2.068965e-01,3.120021e-01,3.119998e-01,2.264977e-06
8.275862e-01,2.413793e-01,3.545438e-01,3.545461e-01,2.294779e-06
8.275862e-01,2.758621e-01,3.929274e-01,3.929355e-01,8.106232e-06
8.275862e-01,3.103448e-01,4.267043e-01,4.267182e-01,1.382828e-05
8.275862e-01,3.448276e-01,4.554794e-01,4.554980e-01,1.859665e-05
8.275862e-01,3.793103e-01,4.789152e-01,4.789374e-01,2.229214e-05
8.275862e-01,4.137931e-01,4.967371e-01,4.967618e-01,2.476573e-05
8.275862e-01,4.482759e-01,5.087364e-01,5.087621e-01,2.574921e-05
8.275862e-01,4.827586e-01,5.147721e-01,5.147977e-01,2.557039e-05
8.275862e-01,5.172414e-01,5.147736e-01,5.147977e-01,2.408028e-05
8.275862e-01,5.517241e-01,5.087401e-01,5.087621e-01,2.205372e-05
8.275862e-01,5.862069e-01,4.967421e-01,4.967618e-01,1.969934e-05
8.275862e-01,6.206896e-01,4.789199e-01,4.789374e-01,1.758337e-05
8.275862e-01,6.551724e-01,4.554816e-01,4.554979e-01,1.633167e-05
8.275862e-01,6.896552e-01,4.267032e-01,4.267181e-01,1.493096e-05
8.275862e-01,7.241379e-01,3.929220e-01,3.929355e-01,1.356006e-05
8.275862e-01,7.586207e-01,3.545340e-01,3.545460e-01,1.201034e-05
8.275862e-01,7.931035e-01,3.119896e-01,3.119998e-01,1.019239e-05
8.275862e-01,8.275862e-01,2.657878e-01,2.657957e-01,7.897615e-06
8.275862e-01,8.620690e-01,2.164711e-01,2.164754e-01,4.306436e-06
8.275862e-01,8.965517e-01,1.646174e-01,1.646171e-01,2.980232e-07
8.275862e-01,9.310345e-01,1.108355e-01,1.108287e-01,6.780028e-06
8.275862e-01,9.655172e-01,5.575956e-02,5.574109e-02,1.846254e-05
8.275862e-01,1.000000e+00,4.417636e-05,-4.507114e-08,4.422143e-05
8.620690e-01,0.000000e+00,2.942421e-05,0.000000e+00,2.942421e-05
8.620690e-01,3.448276e-02,4.541609e-02,4.539799e-02,1.810119e-05
8.620690e-01,6.896552e-02,9.027619e-02,9.026374e-02,1.244992e-05
8.620690e-01,1.034483e-01,1.340798e-01,1.340712e-01,8.627772e-06
8.620690e-01,1.379310e-01,1.763140e-01,1.763068e-01,7.137656e-06
8.620690e-01,1.724138e-01,2.164819e-01,2.164754e-01,6.437302e-06
8.620690e-01,2.068965e-01,2.541100e-01,2.541060e-01,4.023314e-06
8.620690e-01,2.413793e-01,2.887567e-01,2.887575e-01,8.046627e-07
8.620690e-01,2.758621e-01,3.200158e-01,3.200235e-01,7.659197e-06
8.620690e-01,3.103448e-01,3.475227e-01,3.475375e-01,1.478195e-05
8.620690e-01,3.448276e-01,3.709561e-01,3.709770e-01,2.098083e-05
8.620690e-01,3.793103e-01,3.900421e-01,3.900671e-01,2.500415e-05
8.620690e-01,4.137931e-01,4.045570e-01,4.045841e-01,2.706051e-05
8.620690e-01,4.482759e-01,4.143308e-01,4.143576e-01,2.685189e-05
8.620690e-01,4.827586e-01,4.192486e-01,4.192732e-01,2.464652e-05
8.620690e-01,5.172414e-01,4.192517e-01,4.192732e-01,2.154708e-05
8.620690e-01,5.517241e-01,4.143390e-01,4.143576e-01,1.862645e-05
8.620690e-01,5.862069e-01,4.045683e-01,4.045841e-01,1.576543e-05
8.620690e-01,6.206896e-01,3.900534e-01,3.900671e-01,1.376867e-05
8.620690e-01,6.551724e-01,3.709644e-01,3.709770e-01,1.257658e-05
8.620690e-01,6.896552e-01,3.475255e-01,3.475375e-01,1.204014e-05
8.620690e-01,7.241379e-01,3.200119e-01,3.200235e-01,1.162291e-05
8.620690e-01,7.586207e-01,2.887465e-01,2.887574e-01,1.090765e-05
8.620690e-01,7.931035e-01,2.540962e-01,2.541060e-01,9.745359e-06
8.620690e-01,8.275862e-01,2.164676e-01,2.164754e-01,7.793307e-06
8.620690e-01,8.620690e-01,1.763022e-01,1.763068e-01,4.634261e-06
8.620690e-01,8.965517e-01,1.340701e-01,1.340712e-01,1.147389e-06
8.620690e-01,9.310345e-01,9.026594e-02,9.026365e-02,2.287328e-06
8.620690e-01,9.655172e-01,4.540453e-02,4.539793e-02,6.601214e-06
8.620690e-01,1.000000e+00,1.657940e-05,-3.670786e-08,1.661611e-05
8.965517e-01,0.000000e+00,-2.970360e-05,0.000000e+00,2.970360e-05
8.965517e-01,3.448276e-02,3.451417e-02,3.452257e-02,8.404255e-06
8.965517e-01,6.896552e-02,6.864119e-02,6.864039e-02,8.046627e-07
8.965517e-01,1.034483e-01,1.019577e-01,1.019535e-01,4.291534e-06
8.965517e-01,1.379310e-01,1.340780e-01,1.340712e-01,6.809831e-06
8.965517e-01,1.724138e-01,1.646256e-01,1.646171e-01,8.448958e-06
8.965517e-01,2.068965e-01,1.932402e-01,1.932330e-01,7.182360e-06
8.965517e-01,2.413793e-01,2.195854e-01,2.195835e-01,1.922250e-06
8.965517e-01,2.758621e-01,2.433534e-01,2.433595e-01,6.064773e-06
8.965517e-01,3.103448e-01,2.642665e-01,2.642823e-01,1.582503e-05
8.965517e-01,3.448276e-01,2.820821e-01,2.821068e-01,2.467632e-05
8.965517e-01,3.793103e-01,2.965926e-01,2.966237e-01,3.108382e-05
8.965517e-01,4.137931e-01,3.076295e-01,3.076630e-01,3.343821e-05
8.965517e-01,4.482759e-01,3.150641e-01,3.150952e-01,3.114343e-05
8.965517e-01,4.827586e-01,3.188072e-01,3.188332e-01,2.598763e-05
8.965517e-01,5.172414e-01,3.188133e-01,3.188332e-01,1.996756e-05
8.965517e-01,5.517241e-01,3.150806e-01,3.150952e-01,1.463294e-05
8.965517e-01,5.862069e-01,3.076523e-01,3.076630e-01,1.063943e-05
8.965517e-01,6.206896e-01,2.966156e-01,2.966237e-01,8.046627e-06
8.965517e-01,6.551724e-01,2.821000e-01,2.821067e-01,6.675720e-06
8.965517e-01,6.896552e-01,2.642753e-01,2.642823e-01,7.003546e-06
8.965517e-01,7.241379e-01,2.433506e-01,2.433595e-01,8.851290e-06
8.965517e-01,7.586207e-01,2.195727e-01,2.195835e-01,1.074374e-05
8.965517e-01,7.931035e-01,1.932214e-01,1.932330e-01,1.163781e-05
8.965517e-01,8.275862e-01,1.646065e-01,1.646171e-01,1.060963e-05
8.965517e-01,8.620690e-01,1.340634e-01,1.340712e-01,7.823110e-06
8.965517e-01,8.965517e-01,1.019483e-01,1.019535e-01,5.185604e-06
8.965517e-01,9.310345e-01,6.863589e-02,6.864033e-02,4.440546e-06
8.965517e-01,9.655172e-01,3.451274e-02,3.452252e-02,9.786338e-06
8.965517e-01,1.000000e+00,-2.535246e-05,-2.791423e-08,2.532455e-05
9.310345e-01,0.000000e+00,-7.568859e-05,0.000000e+00,7.568859e-05
9.310345e-01,3.448276e-02,2.321724e-02,2.324237e-02,2.513267e-05
9.310345e-01,6.896552e-02,4.620744e-02,4.621225e-02,4.816800e-06
9.310345e-01,1.034483e-01,6.864352e-02,6.864033e-02,3.188848e-06
9.310345e-01,1.379310e-01,9.027226e-02,9.026366e-02,8.590519e-06
9.310345e-01,1.724138e-01,1.108418e-01,1.108287e-01,1.300871e-05
9.310345e-01,2.068965e-01,1.301079e-01,1.300944e-01,1.348555e-05
9.310345e-01,2.413793e-01,1.478429e-01,1.478349e-01,8.016825e-06
9.310345e-01,2.758621e-01,1.638396e-01,1.638422e-01,2.577901e-06
9.310345e-01,3.103448e-01,1.779116e-01,1.779285e-01,1.691282e-05
9.310345e-01,3.448276e-01,1.898976e-01,1.899288e-01,3.123283e-05
9.310345e-01,3.793103e-01,1.996609e-01,1.997024e-01,4.144013e-05
9.310345e-01,4.137931e-01,2.070905e-01,2.071346e-01,4.407763e-05
9.310345e-01,4.482759e-01,2.121000e-01,2.121383e-01,3.835559e-05
9.310345e-01,4.827586e-01,2.146275e-01,2.146550e-01,2.743304e-05
9.310345e-01,5.172414e-01,2.146388e-01,2.146550e-01,1.621246e-05
9.310345e-01,5.517241e-01,2.121305e-01,2.121383e-01,7.867813e-06
9.310345e-01,5.862069e-01,2.071321e-01,2.071346e-01,2.518296e-06
9.310345e-01,6.206896e-01,1.997032e-01,1.997024e-01,8.046627e-07
9.310345e-01,6.551724e-01,1.899305e-01,1.899288e-01,1.668930e-06
9.310345e-01,6.896552e-01,1.779279e-01,1.779285e-01,5.960464e-07
9.310345e-01,7.241379e-01,1.638364e-01,1.638422e-01,5.751848e-06
9.310345e-01,7.586207e-01,1.478230e-01,1.478349e-01,1.192093e-05
9.310345e-01,7.931035e-01,1.300784e-01,1.300944e-01,1.597404e-05
9.310345e-01,8.275862e-01,1.108125e-01,1.108287e-01,1.622736e-05
9.310345e-01,8.620690e-01,9.025050e-02,9.026365e-02,1.315027e-05
9.310345e-01,8.965517e-01,6.863169e-02,6.864033e-02,8.642673e-06
9.310345e-01,9.310345e-01,4.620535e-02,4.621221e-02,6.858259e-06
9.310345e-01,9.655172e-01,2.322496e-02,2.324234e-02,1.738220e-05
9.310345e-01,1.000000e+00,-5.759858e-05,-1.879330e-08,5.757978e-05
9.655172e-01,0.000000e+00,-7.372163e-05,0.000000e+00,7.372163e-05
9.655172e-01,3.448276e-02,1.167310e-02,1.168971e-02,1.660548e-05
9.655172e-01,6.896552e-02,2.324174e-02,2.324236e-02,6.258488e-07
9.655172e-01,1.034483e-01,3.452582e-02,3.452252e-02,3.296882e-06
9.655172e-01,1.379310e-01,4.540736e-02,4.539794e-02,9.421259e-06
9.655172e-01,1.724138e-01,5.575929e-02,5.574111e-02,1.817942e-05
9.655172e-01,2.068965e-01,6.545395e-02,6.543075e-02,2.320111e-05
9.655172e-01,2.413793e-01,7.437251e-02,7.435330e-02,1.920760e-05
9.655172e-01,2.758621e-01,8.240891e-02,8.240411e-02,4.805624e-06
9.655172e-01,3.103448e-01,8.947063e-02,8.948880e-02,1.817197e-05
9.655172e-01,3.448276e-01,9.548176e-02,9.552433e-02,4.257262e-05
9.655172e-01,3.793103e-01,1.003802e-01,1.004399e-01,5.967170e-05
9.655172e-01,4.137931e-01,1.041159e-01,1.041779e-01,6.203353e-05
9.655172e-01,4.482759e-01,1.066460e-01,1.066946e-01,4.860014e-05
9.655172e-01,4.827586e-01,1.079331e-01,1.079603e-01,2.723187e-05
9.655172e-01,5.172414e-01,1.079527e-01,1.079603e-01,7.592142e-06
9.655172e-01,5.517241e-01,1.066993e-01,1.066946e-01,4.716218e-06
9.655172e-01,5.862069e-01,1.041881e-01,1.041779e-01,1.017749e-05
9.655172e-01,6.206896e-01,1.004520e-01,1.004399e-01,1.212209e-05
9.655172e-01,6.551724e-01,9.553582e-02,9.552432e-02,1.150370e-05
9.655172e-01,6.896552e-01,8.949552e-02,8.948880e-02,6.720424e-06
9.655172e-01,7.241379e-01,8.240099e-02,8.240410e-02,3.114343e-06
9.655172e-01,7.586207e-01,7.433856e-02,7.435329e-02,1.472980e-05
9.655172e-01,7.931035e-01,6.540707e-02,6.543074e-02,2.366304e-05
9.655172e-01,8.275862e-01,5.571497e-02,5.574109e-02,2.612174e-05
9.655172e-01,8.620690e-01,4.537681e-02,4.539793e-02,2.111495e-05
9.655172e-01,8.965517e-01,3.451277e-02,3.452252e-02,9.756535e-06
9.655172e-01,9.310345e-01,2.324564e-02,2.324234e-02,3.300607e-06
9.655172e-01,9.655172e-01,1.169227e-02,1.168969e-02,2.573244e-06
9.655172e-01,1.000000e+00,-4.177354e-05,-9.452052e-09,4.176409e-05
1.000000e+00,0.000000e+00,7.817522e-06,-0.000000e+00,7.817522e-06
1.000000e+00,3.448276e-02,2.853014e-05,-9.452066e-09,2.853959e-05
1.000000e+00,6.896552e-02,1.356937e-05,-1.879331e-08,1.358816e-05
1.000000e+00,1.034483e-01,-5.029142e-08,-2.791423e-08,2.237719e-08
1.000000e+00,1.379310e-01,4.628673e-06,-3.670787e-08,4.665381e-06
1.000000e+00,1.724138e-01,2.307631e-05,-4.507115e-08,2.312138e-05
1.000000e+00,2.068965e-01,4.036166e-05,-5.290601e-08,4.041456e-05
1.000000e+00,2.413793e-01,4.235841e-05,-6.012060e-08,4.241853e-05
1.000000e+00,2.758621e-01,2.191402e-05,-6.663033e-08,2.198065e-05
1.000000e+00,3.103448e-01,-1.799129e-05,-7.235887e-08,1.791893e-05
1.000000e+00,3.448276e-01,-6.329082e-05,-7.723908e-08,6.321358e-05
1.000000e+00,3.793103e-01,-9.371899e-05,-8.121373e-08,9.363778e-05
1.000000e+00,4.137931e-01,-9.464286e-05,-8.423621e-08,9.455863e-05
1.000000e+00,4.482759e-01,-6.606244e-05,-8.627111e-08,6.597616e-05
1.000000e+00,4.827586e-01,-2.508424e-05,-8.729457e-08,2.499695e-05
1.000000e+00,5.172414e-01,8.681789e-06,-8.729457e-08,8.769083e-06
1.000000e+00,5.517241e-01,2.543069e-05,-8.627111e-08,2.551697e-05
1.000000e+00,5.862069e-01,2.873875e-05,-8.423621e-08,2.882299e-05
1.000000e+00,6.206896e-01,2.709962e-05,-8.121373e-08,2.718084e-05
1.000000e+00,6.551724e-01,2.450682e-05,-7.723907e-08,2.458406e-05
1.000000e+00,6.896552e-01,1.738407e-05,-7.235887e-08,1.745643e-05
1.000000e+00,7.241379e-01,2.661720e-06,-6.663032e-08,2.728350e-06
1.000000e+00,7.586207e-01,-1.781248e-05,-6.012059e-08,1.775235e-05
1.000000e+00,7.931035e-01,-3.691576e-05,-5.290600e-08,3.686286e-05
1.000000e+00,8.275862e-01,-4.642271e-05,-4.507114e-08,4.637763e-05
1.000000e+00,8.620690e-01,-4.028343e-05,-3.670786e-08,4.024672e-05
1.000000e+00,8.965517e-01,-1.518987e-05,-2.791423e-08,1.516196e-05
1.000000e+00,9.310345e-01,2.572872e-05,-1.879330e-08,2.574751e-05
1.000000e+00,9.655172e-01,6.319024e-05,-9.452052e-09,6.319969e-05
1.000000e+00,1.000000e+00,5.660392e-05,7.642742e-15,5.660392e-05
